NAME,Symbol,Market Value (millions)
EXXON MOBIL CORPORATION, ,"$384,845.80"
GENERAL ELECTRIC COMPANY,GE,"$346,042.10"
MICROSOFT CORPORATION,MSFT,"$299,647.60"
BP P.L.C.,BP,"$248,469.70"
"CITIGROUP, INC.",C,"$231,977.70"
PROCTER & GAMBLE COMPANY (THE),PG,"$194,814.00"
"WAL-MART STORES, INC.",WMT,"$191,978.50"
"PFIZER, INC.",PFE,"$189,297.40"
"HSBC HOLDINGS, PLC.",HBC,"$188,804.60"
TOYOTA MOTOR CORPORATION,TM,"$187,196.40"
JOHNSON & JOHNSON,JNJ,"$179,515.80"
BANK OF AMERICA CORPORATION,BAC,"$176,906.20"
"AMERICAN INTERNATIONAL GROUP, INC.",AIG,"$169,908.50"
"TOTALFINAELF, S.A.",TOT,"$169,852.60"
NOVARTIS AG,NVS,"$151,092.70"
ALTRIA GROUP,MO,"$150,638.60"
GLAXOSMITHKLINE PLC,GSK,"$149,062.80"
MITSUBISHI UFJ FINANCIAL GROUP INC,MTU,"$146,421.90"
J.P. MORGAN CHASE & CO.,JPM,"$138,596.30"
ROYAL DUTCH SHELL PLC,RDS/A,"$133,773.40"
CHEVRONTEXACO CORPORATION,CVX,"$133,307.10"
SANOFI-AVENTIS SA,SNY,"$128,920.20"
VODAFONE AIRTOUCH PUBLIC LIMITED COMPANY,VOD,"$128,885.40"
INTEL CORPORATION,INTC,"$128,146.40"
INTERNATIONAL BUSINESS MACHINES CORPORATION,IBM,"$127,641.00"
ENI S.P.A.,E,"$121,462.50"
"CISCO SYSTEMS, INC.",CSCO,"$114,067.10"
BERKSHIRE HATHAWAY INC.,BRK/A,"$112,846.90"
UBS AG,UBS,"$110,546.60"
WELLS FARGO CAP IX,WFC,"$104,281.10"
AT&T INC.,T,"$101,549.80"
ROYAL DUTCH SHELL PLC,RDS/B,"$99,061.00"
COCA-COLA COMPANY (THE),KO,"$98,450.10"
CHINA MOBILE (HONG KONG) LTD.,CHL,"$97,501.20"
"PEPSICO, INC.",PEP,"$94,976.00"
VERIZON COMMUNICATIONS INC.,VZ,"$92,763.80"
CONOCOPHILLIPS,COP,"$92,112.70"
"GENENTECH, INC.",DNA,"$90,603.70"
AMGEN INC.,AMGN,"$89,969.60"
"BANCO SANTANDER CENTRAL HISPANO, S.A.",STD,"$89,248.80"
HEWLETT-PACKARD COMPANY,HPQ,"$87,958.60"
GOOGLE INC.,GOOG,"$86,317.00"
"HOME DEPOT, INC. (THE)",HD,"$86,139.80"
WACHOVIA CORPORATION,WB,"$85,370.30"
SIEMENS AG,SI,"$81,605.60"
NOKIA CORPORATION,NOK,"$81,494.80"
UNITEDHEALTH GROUP INCORPORATED,UNH,"$81,108.30"
TIME WARNER INC.,TWX,"$80,206.10"
QUALCOMM INCORPORATED,QCOM,"$78,855.30"
"ING GROUP, N.V.",ING,"$78,822.70"
NTT DOCOMO INC,DCM,"$77,676.50"
E.ON AG,EON,"$77,504.80"
ASTRAZENECA PLC,AZN,"$76,838.50"
"MERCK & COMPANY, INC.",MRK,"$75,438.80"
SCHLUMBERGER N.V.,SLB,"$75,079.30"
TELEFONICA SA,TEF,"$75,014.40"
MOBILE TELESYSTEMS,MBT,"$74,709.90"
NIPPON TELEGRAPH AND TELEPHONE CORPORATION,NTT,"$73,164.20"
BHP BILLITON LIMITED,BHP,"$70,814.20"
CREDIT SUISSE GROUP,CSR,"$70,042.90"
BARCLAYS PLC,BCS,"$69,336.30"
DELL INC.,DELL,"$68,981.70"
"MERRILL LYNCH & CO., INC.",MER,"$68,778.10"
BANCO BILBAO VISCAYA ARGENTARIA S.A.,BBV,"$68,630.80"
"MEDTRONIC, INC.",MDT,"$68,305.80"
ABBOTT LABORATORIES,ABT,"$66,935.50"
DEUTSCHE TELEKOM AG,DT,"$66,534.40"
AMERICAN EXPRESS COMPANY,AXP,"$65,090.50"
MORGAN STANLEY,MS,"$64,994.30"
"SAP AKTIENGESELLSCHAFT SYSTEME, ANWENDUNGEN, PRODUKT",SAP,"$64,993.50"
SPRINT  NEXTEL CORPORATION,S,"$64,848.10"
ORACLE CORPORATION,ORCL,"$64,758.40"
ELI LILLY AND COMPANY,LLY,"$64,355.90"
ALLIANZ AKTIENGESELLSCHAFT,AZ,"$64,122.00"
"GOLDMAN SACHS GROUP, INC. (THE)",GS,"$63,675.40"
"APPLE COMPUTER, INC.",AAPL,"$63,637.40"
AXA,AXA,"$63,391.30"
AMERICAN HOME PRODUCTS CORPORATION,WYE,"$62,079.50"
STATOIL ASA,STO,"$60,629.60"
EBAY INC.,EBAY,"$60,269.70"
PETROLEO BRASILEIRO S.A.- PETROBRAS,PBR,"$59,929.00"
UNITED TECHNOLOGIES CORPORATION,UTX,"$59,458.80"
FRANCE TELECOM S.A.,FTE,"$59,248.60"
ANGLO AMERICAN PLC,AAUK,"$58,155.30"
DAIMLERCHRYSLER AG,DCX,"$58,055.10"
DEUTSCHE BANK AG,DB,"$58,039.10"
LM ERICSSON TELEPHONE COMPANY,ERICY,"$57,762.40"
"MOTOROLA, INC.",MOT,"$56,566.00"
FEDERAL NATIONAL MORTGAGE ASSOCIATION,FNM,"$56,080.40"
BOEING COMPANY (THE),BA,"$55,144.30"
3M COMPANY,MMM,"$54,892.60"
SPDR TRUST SERIES I,SPY,"$54,770.60"
RIO TINTO PLC,RTP,"$54,672.70"
U.S. BANCORP,USB,"$54,326.90"
"CANON, INC.",CAJ,"$53,520.10"
TAIWAN SEMICONDUCTOR MANUFACTURING COMPANY LIMITED,TSM,"$53,411.10"
"MATSUSHITA ELECTRIC INDUSTRIAL COMPANY, LTD.",MC,"$53,403.00"
"TYCO INTERNATIONAL, LTD.",TYC,"$52,988.00"
ABN AMRO HOLDING N.V.,ABN,"$52,842.50"
"HONDA MOTOR COMPANY, LTD.",HMC,"$52,826.80"
ENEL S.P.A.,EN,"$52,286.60"
STRUCTURED PRODUCTS CORP.,BLS,"$51,670.90"
LLOYDS TSB GROUP PLC,LYG,"$51,544.10"
"NISSAN MOTOR CO., LTD.",NSANY,"$50,519.00"
ROYAL BANK OF CANADA,RY,"$50,481.70"
"LOWE'S COMPANIES, INC.",LOW,"$49,691.00"
SONY CORPORATION,SNE,"$48,936.40"
YAHOO! INC.,YHOO,"$48,769.10"
WALT DISNEY COMPANY (THE),DIS,"$48,653.60"
MANULIFE FINANCIAL CORP,MFC,"$48,275.90"
TARGET CORPORATION,TGT,"$48,135.30"
TELEFONICA MOVILES S.A.,TEM,"$47,852.60"
"BRITISH AMERICAN TOBACCO  INDUSTRIES, P.L.C.",BTI,"$47,662.40"
"UNITED PARCEL SERVICE, INC.",UPS,"$47,629.80"
WELLPOINT HEALTH NETWORKS INC.,WLP,"$47,324.20"
TEXAS INSTRUMENTS INCORPORATED,TXN,"$47,295.70"
SUEZ ADS,SZE,"$47,234.00"
FEDERAL HOME LOAN MORTGAGE CORPORATION,FRE,"$46,957.80"
BHP BILLITON PLC,BBL,"$46,524.60"
"CATERPILLAR, INC.",CAT,"$46,186.10"
LEHMAN ABS CORPORATION,BMY,"$44,589.10"
"KONINKLIJKE PHILIPS ELECTRONICS, N.V.",PHG,"$44,312.10"
MCDONALD'S CORPORATION,MCD,"$44,062.60"
WALGREEN COMPANY,WAG,"$43,803.20"
DIAGEO PLC,DEO,"$43,017.90"
ENCANA CORPORATION,ECA,"$42,826.20"
BROWN-FORMAN CORPORATION,BF,"$42,299.50"
"AMERICA MOVIL, S.A. DE C.V.",AMX,"$41,854.50"
"WASHINGTON MUTUAL, INC.",WM,"$41,503.60"
NATIONAL AUSTRALIA BANK LIMITED,NAB,"$41,326.70"
HALLIBURTON COMPANY,HAL,"$40,832.30"
DOW CHEMICAL COMPANY (THE),DOW,"$40,824.70"
UNILEVER NV,UN,"$40,124.60"
BG GROUP PLC,BRG,"$40,090.90"
PETROLEO BRASILEIRO SA PETRO,PBR/A,"$39,856.30"
OCCIDENTAL PETROLEUM CORPORATION,OXY,"$39,295.40"
ALCON INC,ACL,"$39,244.30"
BANK OF NOVA SCOTIA (THE),BNS,"$38,832.10"
VALERO ENERGY CORPORATION,VLO,"$38,623.40"
CIA VALE DO RIO DOCE,RIO,"$38,449.90"
NOMURA HOLDINGS INC ADR,NMR,"$38,355.10"
EXELON CORP,EXC,"$38,312.10"
PRUDENTIAL FINANCIAL INC,PRU,"$38,046.70"
"METLIFE, INC.",MET,"$37,985.00"
TORONTO DOMINION BANK (THE),TD,"$37,926.30"
COMCAST CORPORATION,CMCSA,"$37,907.90"
LEHMAN BROTHERS FIN SA,LEH,"$37,627.80"
TELECOM ITALIA S.P.A.,TI,"$37,557.70"
CORNING INCORPORATED,GLW,"$37,114.60"
SUNCOR ENERGY  INC.,SU,"$36,617.80"
VIVENDI UNIVERSAL,V,"$36,115.40"
E.I. DU PONT DE NEMOURS AND COMPANY,DD,"$35,993.50"
CNOOC LIMITED,CEO,"$35,344.00"
AUSTRALIA & NEW ZEALAND BANKING GROUP LIMITED,ANZ,"$34,934.70"
NEWS CORPORATION LIMITED (THE),NWS/A,"$34,905.90"
FIRST DATA CORPORATION,FDC,"$34,397.80"
MILLEA HOLDINGS INC. ADR,MLEA,"$34,316.40"
BURLINGTON RESOURCES INC.,BR,"$34,255.40"
ALLSTATE CORPORATION (THE),ALL,"$33,761.80"
CANADIAN NATURAL RESOURCES LIMITED,CNQ,"$33,253.60"
REPSOL YPF S.A.,REP,"$33,219.70"
CARNIVAL CORPORATION,CCL,"$32,977.20"
WESTPAC BANKING CORPORATION,WBK,"$32,532.00"
HONEYWELL INTERNATIONAL INC.,HON,"$32,378.80"
"ANHEUSER-BUSCH COMPANIES, INC.",BUD,"$32,171.30"
EMC CORPORATION,EMC,"$31,947.60"
NORSK HYDRO ASA,NHY,"$31,908.30"
EMERSON ELECTRIC COMPANY,EMR,"$31,846.30"
"ST. PAUL COMPANIES, INC. (THE)",STA,"$31,423.40"
"APPLIED MATERIALS, INC.",AMAT,"$30,908.40"
BT GROUP PLC,BT,"$30,852.00"
"CARDINAL HEALTH, INC.",CAH,"$30,849.60"
FEDEX CORPORATION,FDX,"$30,737.70"
BAYER AKTIENGESELLSCHAFT,BAY,"$30,535.60"
UNILEVER PLC,UL,"$30,423.30"
DEVON ENERGY CORPORATION,DVN,"$30,305.70"
ENDESA S.A.,ELE,"$30,238.00"
BANK OF MONTREAL,BMO,"$30,003.40"
BURLINGTON NORTHERN SANTA FE CORPORATION,BNI,"$29,772.60"
GROUPE DANONE,DA,"$29,673.60"
"VIACOM, INC.",VIA/B,"$29,325.10"
LOCKHEED MARTIN CORPORATION,LMT,"$29,218.00"
KOREA ELECTRIC POWER CORPORATION,KEP,"$29,152.80"
COLGATE-PALMOLIVE COMPANY,CL,"$28,436.00"
SCHERING-PLOUGH CORP,SGP,"$28,322.90"
MARATHON OIL CORPORATION,MRO,"$28,171.20"
"NATIONAL GRID TRANSCO, PLC",NGG,"$27,995.40"
"GILEAD SCIENCES, INC.",GILD,"$27,873.50"
SASOL LTD.,SSL,"$27,699.00"
AETNA INC.,AET,"$27,685.90"
ALCOA INC.,AA,"$27,413.50"
TEVA PHARMACEUTICAL INDUSTRIES LIMITED,TEVA,"$26,839.80"
KOOKMIN BANK,KB,"$26,822.90"
TRANSOCEAN INC.,RIG,"$26,786.20"
KIMBERLY-CLARK CORPORATION,KMB,"$26,685.80"
BAKER HUGHES INCORPORATED,BHI,"$26,472.40"
DUKE ENERGY CORPORATION,DUK,"$26,296.50"
"DOMINION RESOURCES, INC.",D,"$26,229.80"
"SUNTRUST BANKS, INC.",STI,"$25,863.80"
SOUTHERN COMPANY (THE),SO,"$25,821.60"
AEGON N.V.,AEG,"$25,807.50"
SANPAOLO IMI S.P.A.,IMI,"$25,796.20"
NEWMONT MINING CORPORATION (HOLDING COMPANY),NEM,"$25,644.80"
"FRANKLIN RESOURCES, INC.",BEN,"$25,427.20"
ANADARKO PETROLEUM CORPORATION,APC,"$25,351.20"
"AUTOMATIC DATA PROCESSING, INC.",ADP,"$25,335.80"
APACHE CORPORATION,APA,"$24,871.60"
"BEST BUY CO., INC.",BBY,"$24,819.70"
"HARTFORD FINANCIAL SERVICES GROUP, INC. (THE)",HIG,"$24,700.20"
PETRO-CANADA,PCZ,"$24,691.30"
SUN LIFE FINANCIAL INCORPORATED,SLF,"$24,611.10"
GUIDANT CORPORATION,GDT,"$24,570.30"
PRUDENTIAL PUBLIC LIMITED COMPANY,PUK,"$24,556.40"
BERKSHIRE HATHAWAY INC.,BRK/B,"$24,543.80"
CEMEX SA DE CV A ADS,CX,"$24,503.70"
"BANK OF NEW YORK COMPANY, INC. (THE)",BK,"$24,490.90"
STARBUCKS CORPORATION,SBUX,"$24,372.70"
TXU CORPORATION,TXU,"$24,313.70"
CANADIAN NATIONAL RAILWAY COMPANY,CNI,"$24,258.00"
ADOBE SYSTEMS INCORPORATED,ADBE,"$23,749.90"
"HITACHI, LTD.",HIT,"$23,745.30"
ILLINOIS TOOL WORKS INC.,ITW,"$23,643.60"
COSTCO WHOLESALE CORPORATION,COST,"$23,553.00"
AFLAC INCORPORATED,AFL,"$23,492.30"
UNION PACIFIC CORPORATION,UNP,"$23,436.60"
CANADIAN IMPERIAL BANK OF COMMERCE,BCM,"$23,399.10"
SLM CORPORATION,SLM,"$23,352.80"
THOMSON CORP,TOC,"$23,307.70"
ORIX CORP ADS,IX,"$23,302.30"
GENERAL DYNAMICS CORPORATION,GD,"$23,293.20"
ALLTEL CORPORATION,AT,"$22,988.20"
BAXTER INTERNATIONAL INC.,BAX,"$22,980.50"
"MITSUI & COMPANY, LTD.",MITSY,"$22,873.50"
MONSANTO COMPANY,MON,"$22,791.90"
ABB LTD,ABB,"$22,680.20"
CVS CORPORATION,CVS,"$22,602.10"
"BCE, INC.",BCE,"$22,450.40"
LIBERTY MEDIA CORPORATION,L,"$22,417.50"
TALISMAN ENERGY INC.,TLM,"$22,316.30"
CAPITAL ONE FINANCIAL CORPORATION,COF,"$22,208.70"
"CAREMARK RX, INC.",CMX,"$22,173.50"
COMCAST CORPORATION,CMCSK,"$22,160.50"
NORTHROP GRUMMAN CORPORATION,NOC,"$22,074.90"
GOLDEN WEST FINANCIAL CORPORATION,GDW,"$21,753.90"
NASDAQ-100 INDEX TRACKING STOCK,QQQQ,"$21,672.00"
NORFOLK SOUTHER CORPORATION,NSC,"$21,296.60"
BB&T CORPORATION,BBT,"$21,202.70"
NATIONAL CITY CORPORATION,NCC,"$21,166.70"
YPF SOCIEDAD ANONIMA,YPF,"$21,107.70"
PETROCHINA COMPANY LIMITED,PTR,"$21,103.10"
WIPRO LIMITED,WIT,"$21,061.60"
IMPERIAL TOBACCO GROUP PLC,ITY,"$21,029.10"
ISHARES MSCI EAFE INDEX FUND,EFA,"$20,994.20"
ROYAL KPN N.V.,KPN,"$20,932.70"
FIFTH THIRD BANCORP,FITB,"$20,845.90"
VIVENDI ENVIRONNEMENT ORD,VE,"$20,752.90"
"CADBURY SCHWEPPES, PLC",CSG,"$20,750.40"
PROGRESSIVE CORPORATION (THE),PGR,"$20,724.40"
INFOSYS TECHNOLOGIES LIMITED,INFY,"$20,622.90"
ARCHER-DANIELS-MIDLAND COMPANY,ADM,"$20,575.10"
HCA INC.,HCA,"$20,490.90"
"EOG RESOURCES, INC.",EOG,"$20,423.30"
STRYKER CORPORATION,SYK,"$20,208.90"
"POHANG IRON & STEEL CO., LTD.",PKX,"$20,014.60"
STRUCTURED PRODUCTS INC 8% CORTS,CFC,"$19,995.20"
STATE STREET CORP,STT,"$19,993.50"
SYMANTEC CORPORATION,SYMC,"$19,877.50"
BROADCOM CORPORATION,BRCM,"$19,873.20"
"ALLIED IRISH BANKS, P.L.C.",AIB,"$19,601.50"
BANCO BRADESCO SA,BBD,"$19,568.20"
"MARVELL TECHNOLOGY GROUP, LTD.",MRVL,"$19,450.00"
SEARS HOLDINGS CORPORATION,SHLD,"$19,438.10"
THE DIRECTV GROUP INC,DTV,"$19,236.20"
TENARIS S.A.,TS,"$19,177.90"
ACCENTURE LTD.,ACN,"$19,174.70"
ALCATEL,ALA,"$19,137.10"
"MCGRAW-HILL COMPANIES, INC. (THE)",MHP,"$19,134.90"
CHARLES SCHWAB CORPORATION (THE),SCHW,"$19,071.10"
SCOTTISH POWER PLS,SPI,"$19,060.00"
SYSCO CORPORATION,SYY,"$19,030.80"
PNC BANK CORP.,PNC,"$19,004.00"
SWISSCOM AG,SCM,"$18,893.70"
CHUBB CORPORATION (THE),CB,"$18,860.60"
"ADVANCED MICRO DEVICES, INC.",AMD,"$18,794.20"
MOODY'S CORPORATION,MCO,"$18,704.70"
"SIMON PROPERTY GROUP, INC.",SPG,"$18,608.30"
"AMAZON.COM, INC.",AMZN,"$18,576.70"
LAFARGE S.A.,LR,"$18,499.50"
CBS CORPORATION,CBS,"$18,473.10"
COMPANHIA VALE DO RIO DOCE,RIO^,"$18,450.00"
TELSTRA CORPORATION LIMITED,TLS,"$18,399.00"
LOEWS CORPORATION,LTR,"$18,331.40"
GENZYME GENERAL,GENZ,"$18,318.60"
RAYTHEON COMPANY,RTN,"$18,302.20"
TELENOR ASA,TELN,"$18,202.60"
LAS VEGAS SANDS CORP.,LVS,"$18,186.20"
"FEDERATED DEPARTMENT STORES, INC.",FD,"$18,137.80"
"ALCAN, INC.",AL,"$18,086.00"
"ST. JUDE MEDICAL, INC.",STJ,"$18,007.70"
CHUNGHWA TELECOM CO LTD,CHT,"$17,964.10"
BOSTON SCIENTIFIC CORPORATION,BSX,"$17,941.10"
"FUJI PHOTO FILM CO., LTD.",FUJIY,"$17,842.10"
XTO ENERGY INC.,XTO,"$17,825.70"
KELLOGG COMPANY,K,"$17,770.70"
ACE LIMITED,ACE,"$17,647.50"
"WASTE MANAGEMENT, INC.",WMI,"$17,427.00"
"STAPLES, INC.",SPLS,"$17,341.30"
"GENERAL MILLS, INC.",GIS,"$17,314.00"
DANAHER CORPORATION,DHR,"$17,307.50"
"SK TELECOM CORPORATION, LTD.",SKM,"$17,203.40"
CENDANT CORPORATION,CD,"$17,148.10"
"ZIMMER HOLDINGS, INC.",ZMH,"$17,085.80"
NEWS CORPORATION LIMITED (THE),NWS,"$17,029.20"
CRH PLC,CRHCY,"$16,989.90"
"PRAXAIR, INC.",PX,"$16,979.00"
WEYERHAEUSER COMPANY,WY,"$16,968.30"
KYOCERA CORPORATION,KYO,"$16,911.70"
DEERE & COMPANY,DE,"$16,871.90"
NOVO NORDISK A/S,NVO,"$16,796.10"
STMICROELECTRONICS N.V.,STM,"$16,728.70"
GOVERNOR AND COMPANY OF THE BANK OF IRELAND (THE),IRE,"$16,711.50"
PUBLIC SERVICE ENTERPRISE GROUP INCORPORATED,PEG,"$16,659.80"
MEDCOHEALTH SOLUTIONS INC,MHS,"$16,638.80"
"MARSH & MCLENNAN COMPANIES, INC.",MMC,"$16,553.40"
TELEFONOS DE MEXICO SA DE CV SER A SPONS ADR,TMX,"$16,549.00"
FIRSTENERGY CORPORATION,FE,"$16,524.80"
"FPL GROUP, INC.",FPL,"$16,500.70"
ELECTRONIC ARTS INC.,ERTS,"$16,405.60"
LG.PHILIPS,LPL,"$16,352.20"
PUBLIC SVC ELEC & GAS CO,PEG^A,"$16,351.70"
MCKESSON CORPORATION,MCK,"$16,306.60"
PHELPS DODGE CORPORATION,PD,"$16,298.80"
ANGLOGOLD ASHANTI LTD.,AU,"$16,214.70"
"BECTON, DICKINSON AND COMPANY",BDX,"$16,088.80"
BANCO ITAU HOLDING FINANCEIRA SA (HOLDING CO),ITU,"$16,046.50"
INTERNATIONAL PAPER COMPANY,IP,"$16,005.00"
"BRITISH SKY BROADCASTING GROUP, PLC",BSY,"$15,955.30"
WOORI FINANCE HOLDINGS CO LTD,WF,"$15,894.70"
"COMPUTER ASSOCIATES INTERNATIONAL, INC.",CA,"$15,857.20"
"CLEAR CHANNEL COMMUNICATIONS, INC.",CCU,"$15,821.10"
"GAP, INC. (THE)",GPS,"$15,731.50"
"NIKE, INC.",NKE,"$15,671.20"
"FOREST LABORATORIES, INC.",FRX,"$15,633.10"
"ALLERGAN, INC.",AGN,"$15,627.30"
"WEATHERFORD INTERNATIONAL, INC.",WFT,"$15,567.10"
NATL BK GREECE ADS,NBG,"$15,552.60"
"SUN MICROSYSTEMS, INC.",SUNW,"$15,364.10"
FORD MOTOR CREDIT COMPANY,F,"$15,330.40"
KOHL'S CORPORATION,KSS,"$15,303.60"
SHINHAN FINANCIAL GROUP CO LTD,SHG,"$15,300.50"
CIGNA CORPORATION,CI,"$15,294.80"
"TRANSCANANDA PIPELINES, LTD.",TRP,"$15,226.10"
BIOGEN IDEC INC,BIIB,"$15,188.60"
REGIONS FINANCING TR I,RF,"$15,141.60"
"TPG, N.V.",TP,"$15,073.60"
"NEXEN, INC.",NXY,"$14,979.70"
REYNOLDS AMERICAN INC,RAI,"$14,907.30"
"GANNETT CO., INC.",GCI,"$14,825.30"
"LEGG MASON, INC.",LM,"$14,787.50"
KRAFT FOODS INC.,KFT,"$14,764.60"
OMNICOM GROUP INC.,OMC,"$14,747.60"
MELLON FINANCIAL CORPORATION,MEL,"$14,747.30"
"HARLEY-DAVIDSON, INC.",HDI,"$14,700.20"
"AMERICAN ELECTRIC POWER COMPANY, INC.",AEP,"$14,692.30"
CHICAGO MERCANTILE EXCHANGE HOLDINGS,CME,"$14,591.50"
"ANALOG DEVICES, INC.",ADI,"$14,588.90"
"AGILENT TECHNOLOGIES, INC.",A,"$14,539.30"
ENTERGY CORPORATION,ETR,"$14,421.90"
AMERADA HESS CORPORATION,AHC,"$14,401.80"
KEYCORP,KEY,"$14,390.40"
WOLSELEY PLC,WOS,"$14,377.90"
"BEAR STEARNS COMPANIES, INC (THE)",BSC,"$14,329.70"
SANTA FE INTERNATIONAL CORPORATION,GSF,"$14,327.40"
TELECOM ITALIA S P A NEW,TI/A,"$14,294.00"
EDISON INTERNATIONAL,EIX,"$14,277.00"
"WILLIAMS COMPANIES, INC. (THE)",WMB,"$14,042.80"
AB VOLVO,VOLVY,"$14,026.30"
"YUM! BRANDS, INC.",YUM,"$14,003.10"
PACIFIC GAS & ELECTRIC CO.,PCG,"$13,982.10"
ICICI BANK LIMITED,IBN,"$13,970.80"
"P.T. TELEKOMUNIKASI INDONESIA, TBK.",TLK,"$13,950.70"
MARRIOT INTERNATIONAL,MAR,"$13,885.80"
SARA LEE CORPORATION,SLE,"$13,884.40"
AKZO NOBEL N.V.,AKZOY,"$13,852.40"
CAMECO CORPORATION,CCJ,"$13,797.50"
"PAYCHEX, INC.",PAYX,"$13,776.20"
"AIR PRODUCTS AND CHEMICALS, INC.",APD,"$13,711.40"
"COACH, INC.",COH,"$13,663.40"
GENERAL MOTORS CORPORATION,GM,"$13,606.40"
SYNGENTA AG,SYT,"$13,583.20"
"HARRAH'S ENTERTAINMENT, INC.",HET,"$13,526.10"
"ENTERGY MISSISSIPPI, INC.",EMQ,"$13,483.80"
ISHARES S&P 500 INDEX FUND,IVV,"$13,458.50"
"MAXIM INTEGRATED PRODUCTS, INC.",MXIM,"$13,453.50"
"JOHNSON CONTROLS, INC.",JCI,"$13,446.40"
BOC GROUP PLC (THE),BOX,"$13,415.20"
KROGER COMPANY (THE),KR,"$13,348.90"
"STARWOOD HOTELS & RESORTS WORLDWIDE, INC.",HOT,"$13,331.60"
XEROX CORPORATION,XRX,"$13,325.30"
TELKOM SA LTD,TKG,"$13,317.10"
"EXPRESS SCRIPTS, INC.",ESRX,"$13,294.90"
SCHERING AKTIENGESELLSCHAFT,SHR,"$13,279.40"
"NATIONAL-OILWELL, INC.",NOV,"$13,259.10"
SOUTHWEST AIRLINES COMPANY,LUV,"$13,233.80"
PRINCIPAL FINANCIAL GROUP INC,PFG,"$13,211.90"
WPP GROUP PLC,WPPGY,"$13,197.10"
NIDEC CORPORATION (NIHON DENSAN KABUSHIKI KAISHA),NJ,"$13,190.40"
ELECTRONIC DATA SYSTEMS CORPORATION,EDS,"$13,137.60"
PEABODY ENERGY CORPORATION,BTU,"$13,135.30"
BJ SERVICES COMPANY,BJS,"$13,110.70"
NUCOR CORPORATION,NUE,"$13,107.80"
NORTEL NETWORKS CORPORATION,NT,"$13,004.60"
INGERSOLL-RAND COMPANY,IR,"$12,991.90"
"AVON PRODUCTS, INC.",AVP,"$12,981.70"
UNITED MICROELECTRONICS CORPORATION,UMC,"$12,966.40"
"SUNOCO, INC.",SUN,"$12,959.10"
"J.C. PENNEY COMPANY, INC. HOLDING COMPANY",JCP,"$12,959.00"
CHESAPEAKE ENERGY CORPORATION,CHK,"$12,957.80"
TURKCELL ILETISIM HIZMETLERI AS,TKC,"$12,924.40"
EQUITY OFFICE PROPERTIES TRUST,EOP,"$12,924.30"
RESEARCH IN MOTION LIMITED,RIMM,"$12,903.70"
COMPANHIA DE BEBIDAS DAS AMERICAS - AMBEV,ABV,"$12,851.90"
KERR-MCGEE CORPORATION,KMG,"$12,828.60"
SOUTHERN PERU COPPER CORPORATION,PCU,"$12,823.60"
"NABORS INDUSTRIES, INC.",NBR,"$12,795.00"
TENNESSEE VALLEY AUTHORITY,TVE,"$12,757.50"
AMERICAN TOWER CORPORATION,AMT,"$12,741.60"
SEAGATE TECHNOLOGY HOLDINGS,STX,"$12,682.70"
TELE DANMARK A/S,TLD,"$12,656.30"
KUBOTA CORPORATION,KUB,"$12,626.40"
"ELECTRICIDADE DE PORTUGAL, S.A.",EDP,"$12,571.70"
MASCO CORPORATION,MAS,"$12,565.70"
GENWORTH FINANCIAL INC,GNW,"$12,509.30"
NEC CORPORATION,NIPNY,"$12,501.70"
PROLOGIS,PLD,"$12,471.90"
VORNADO REALTY TRUST,VNO,"$12,415.70"
SANDISK CORPORATION,SNDK,"$12,402.00"
CAMPBELL SOUP COMPANY,CPB,"$12,378.80"
SEMPRA ENERGY,SRE,"$12,353.10"
"GENERAL GROWTH PROPERTIES, INC.",GGP,"$12,319.70"
ADVANTEST CORPORATION (KABUSHIKI KAISHA ADVANTEST) ADS,ATE,"$12,261.30"
"NORTH FORK BANCORPORATION, INC.",NFB,"$12,234.50"
EQUITY RESIDENTIAL,EQR,"$12,221.10"
WM. WRIGLEY JR. COMPANY,WWY,"$12,221.00"
TRANSCANADA CORP,TCA^,"$12,193.20"
REED ELSEVIER PLC,RUK,"$12,157.60"
M&T BANK CORPORATION,MTB,"$12,146.90"
"KIRIN BREWERY COMPANY, LIMITED",KNBWY,"$12,084.60"
TELEKOM AUSTRIA AG,TKA,"$12,075.00"
CELGENE CORPORATION,CELG,"$12,067.70"
INTERNATIONAL GAME TECHNOLOGY,IGT,"$12,040.90"
"KONINKLIJKE AHOLD, N.V.",AHO,"$12,036.70"
KOREA TELECOM CORPORATION,KTC,"$12,026.30"
"FREEPORT-MCMORAN COPPER & GOLD, INC.",FCX,"$12,014.80"
COMPANHIA DE BEBIDAS DAS AME,ABV/C,"$11,988.50"
"LUXOTTICA GROUP, S.P.A.",LUX,"$11,962.30"
CARNIVAL PLC ADS,CUK,"$11,902.40"
XL CAPITAL LIMITED,XL,"$11,801.40"
PACCAR INC.,PCAR,"$11,782.70"
"LUCENT TECHNOLOGIES, INC.",LU,"$11,771.80"
"PORTUGAL TELECOM SGPS, S.A .",PT,"$11,769.80"
"TJX COMPANIES, INC. (THE)",TJX,"$11,761.40"
"KINDER MORGAN, INC.",KMI,"$11,748.80"
RINKER GROUP LIMITED,RIN,"$11,709.90"
ROCKWELL AUTOMATION INC,ROK,"$11,709.70"
"D.R. HORTON, INC.",DHI,"$11,684.20"
GOLD FIELDS LTD.,GFI,"$11,632.30"
CSX CORPORATION,CSX,"$11,628.80"
"NETWORK APPLIANCE, INC.",NTAP,"$11,609.70"
"CONSOLIDATED EDISON, INC.",ED,"$11,515.60"
PP&L CORPORATION,PPL,"$11,453.60"
"HELLENIC TELECOMMUNICATION ORGANIZATION, S.A.",OTE,"$11,430.60"
NORTHERN TRUST CORPORATION,NTRS,"$11,394.60"
"ROGERS COMMUNICATION, INC.",RG,"$11,374.60"
H.J. HEINZ COMPANY,HNZ,"$11,358.70"
LINEAR TECHNOLOGY CORPORATION,LLTC,"$11,340.30"
ROHM AND HAAS COMPANY,ROH,"$11,277.80"
"NORDSTROM, INC.",JWN,"$11,259.50"
PLACER DOME INCORPORATED,PDG,"$11,240.30"
CHINA NETCOM GROUP CORPORATION (HONG KONG) LIMITED,CN,"$11,205.70"
QWEST COMMUNICATIONS INTERNATIONAL INC.,Q,"$11,197.20"
ISHARES MSCI JAPAN INDEX FUND,EWJ,"$11,194.60"
CHINA UNICOM LTD,CHU,"$11,191.10"
TEXTRON INC.,TXT,"$11,180.10"
AES TRUST,AES,"$11,178.00"
BED BATH & BEYOND INC.,BBBY,"$11,105.50"
ENBRIDGE INC,ENB,"$11,080.40"
NOBLE CORPORATION,NE,"$11,011.90"
PROGRESS ENERGY INC,PGN,"$10,977.50"
"FORTUNE BRANDS, INC.",FO,"$10,952.60"
AON CORPORATION,AOC,"$10,950.90"
ASML HOLDING N.V.,ASML,"$10,931.10"
"DIAMOND OFFSHORE DRILLING, INC.",DO,"$10,922.20"
REUTERS GROUP PLC,RTRSY,"$10,877.70"
FIAT S.P.A.,FIA,"$10,791.40"
"CONAGRA FOODS, INC.",CAG,"$10,764.30"
UPM-KYMMENE OYJ,UPM,"$10,737.20"
UNITED UTILITIES PLC.,UU,"$10,659.90"
CIT GROUP INC (DEL),CIT,"$10,656.10"
MURPHY OIL CORPORATION,MUR,"$10,575.30"
MGM MIRAGE,MGM,"$10,549.50"
SAFEWAY INC.,SWY,"$10,531.60"
REED ELSEVIER NV,ENL,"$10,516.40"
ADECCO SA,ADO,"$10,480.80"
FORD MTR CO DEL,F^A,"$10,470.00"
"PEARSON, PLC",PSO,"$10,453.40"
"CONSTELLATION ENERGY GROUP, INC.",CEG,"$10,406.10"
AMEREN CORPORATION,AEE,"$10,368.90"
CHINA PETROLEUM & CHEMICAL CORPORATION,SNP,"$10,360.30"
"PULTE HOMES, INC.",PHM,"$10,313.00"
KLA-TENCOR CORPORATION,KLAC,"$10,261.50"
"JUNIPER NETWORKS, INC.",JNPR,"$10,238.70"
"OFFICE DEPOT, INC.",ODP,"$10,238.50"
"AMERIPRISE FINANCIAL SERVICES, INC.",AMP,"$10,168.40"
"GALLAHER GROUP, PLC",GLH,"$10,135.20"
"WHOLE FOODS MARKET, INC.",WFMI,"$10,039.50"
QUEST DIAGNOSTICS INCORPORATED,DGX,"$9,989.20"
"T. ROWE PRICE GROUP, INC.",TROW,"$9,988.70"
"PPG INDUSTRIES, INC.",PPG,"$9,938.10"
ARCHSTONE COMMUNITIES TRUST,ASN,"$9,933.90"
E*TRADE FINANCIAL CORPORATION,ET,"$9,910.50"
MARSHALL & ILSLEY CORPORATION,MI,"$9,872.70"
COLES MEYER LIMITED,CM,"$9,867.00"
ENTERPRISE PRODUCTS PARTNERS L.P.,EPD,"$9,851.80"
"XILINX, INC.",XLNX,"$9,814.40"
EATON CORPORATION,ETN,"$9,797.60"
"APOLLO GROUP, INC.",APOL,"$9,795.10"
PITNEY BOWES INC,PBI,"$9,749.70"
"L-3 COMMUNICATIONS HOLDINGS, INC.",LLL,"$9,733.30"
INCO LTD.,N,"$9,717.30"
TDK CORPORATION,TDK,"$9,686.90"
"COVENTRY HEALTH CARE, INC.",CVH,"$9,678.00"
UNIONBANCAL CORPORATION,UB,"$9,674.80"
"OPEN JOINT STOCK COMPANY VIMPEL-COMMUNICATIONS""""",VIP,"$9,599.80"
AMSOUTH BANCORPORATION,ASO,"$9,597.20"
"SMITH INTERNATIONAL, INC.",SII,"$9,557.60"
NATIONAL SEMICONDUCTOR CORPORATION,NSM,"$9,520.50"
HILTON HOTELS CORPORATION,HLT,"$9,509.60"
"LIMITED BRANDS, INC.",LTD,"$9,470.30"
"ITT INDUSTRIES, INC.",ITT,"$9,465.20"
LINCOLN NATIONAL CORPORATION,LNC,"$9,446.70"
"BIOMET, INC.",BMET,"$9,417.60"
"PUBLIC STORAGE, INC.",PSA,"$9,414.70"
"SMITH & NEPHEW SNATS, INC.",SNN,"$9,392.80"
"AUTODESK, INC.",ADSK,"$9,384.80"
COMPUTER SCIENCES CORPORATION,CSC,"$9,380.00"
A.O. TATNEFT,TNT,"$9,368.40"
"COCA-COLA ENTERPRISES, INC.",CCE,"$9,347.20"
POTASH CORPORATION OF SASKATCHEWAN INC.,POT,"$9,322.40"
DOVER CORPORATION,DOV,"$9,308.50"
GRUPO TELEVISA S.A.,TV,"$9,298.80"
GOLDCORP INCORPORATED,GG,"$9,292.60"
"ALBERTSON'S, INC.",ABS,"$9,279.60"
INTUIT INC.,INTU,"$9,259.60"
HERSHEY FOODS CORPORATION,HSY,"$9,248.80"
MITTAL STEEL COMPANY NV,MT,"$9,245.60"
ECOLAB INC.,ECL,"$9,168.20"
CENTEX CORPORATION,CTX,"$9,120.00"
STORA ENSO OYJ,SEO,"$9,109.40"
"MICRON TECHNOLOGY, INC.",MU,"$9,084.00"
HUMANA INC.,HUM,"$9,078.70"
PARKER-HANNIFIN CORPORATION,PH,"$9,074.70"
COMERICA INCORPORATED,CMA,"$9,041.60"
"BANCO SANTIAGO, S.A.",SAN,"$9,041.40"
CLOROX COMPANY (THE),CLX,"$9,019.50"
TRIBUNE COMPANY,TRB,"$8,935.70"
AU OPTRONICS CORP,AUO,"$8,914.90"
EL PASO CORPORATION,EP,"$8,875.80"
"BOSTON PROPERTIES, INC.",BXP,"$8,805.00"
CINERGY CORPORATION,CIN,"$8,665.50"
EMPRESA NACIONAL DE ELECTRICIDAD S.A.,EOC,"$8,658.30"
SYNOVUS FINANCIAL CORPORATION,SNV,"$8,650.70"
ISHARES MSCI EMERGING INDEX FUND,EEM,"$8,618.10"
CHIRON CORPORATION,CHIR,"$8,599.10"
ROYAL CARIBBEAN CRUISES LTD.,RCL,"$8,586.30"
MIDCAP SPDR TRUST SERIES I,MDY,"$8,574.80"
IAC/INTERACTIVECORP,IACI,"$8,486.10"
MIRANT CORP,MIR,"$8,400.00"
"MEDIMMUNE, INC.",MEDI,"$8,395.50"
RYANAIR HOLDINGS PLC,RYAAY,"$8,393.00"
HANSON PLC.(HOLDING COMPANY),HAN,"$8,332.90"
"JABIL CIRCUIT, INC.",JBL,"$8,298.00"
ZIONS BANCORPORATION,ZION,"$8,297.40"
"EXPEDIA, INC.",EXPE,"$8,259.70"
IVAX CORPORATION,IVX,"$8,255.50"
"MBIA, INC.",MBI,"$8,252.90"
ISHARES RUSSELL 2000 INDEX FUND,IWM,"$8,251.00"
SERONO INTERNATIONAL S.A.,SRA,"$8,227.80"
FISHER SCIENTIFIC INTERNATIONAL INC.,FSH,"$8,200.10"
TD AMERITRADE HOLDING CORPORATION,AMTD,"$8,192.60"
"AMBAC FINANCIAL GROUP, INC.",ABK,"$8,114.10"
"FISERV, INC.",FISV,"$8,114.00"
NOBLE ENERGY INC.,NBL,"$8,096.40"
CNA FINANCIAL CORPORATION,CNA,"$8,093.60"
"ROCKWELL COLLINS, INC.",COL,"$8,083.50"
ULTRA PETROLEUM CORP.,UPL,"$8,060.60"
"H&R BLOCK, INC.",HRB,"$8,014.00"
"MAGNA INTERNATIONAL, INC.",MGA,"$8,005.60"
KIMCO REALTY CORPORATION,KIM,"$7,975.40"
CINCINNATI FINANCIAL CORPORATION,CINF,"$7,956.20"
"VARIAN MEDICAL SYSTEMS, INC.",VAR,"$7,937.80"
HUTCHISON TELECOMMUNICATIONS INTERNATIONAL LIMITED,HTX,"$7,936.70"
ENERSIS S A,ENI,"$7,914.60"
COMPANHIA SIDERURGICA NACIONAL S.A.,SID,"$7,890.00"
MICROCHIP TECHNOLOGY INCORPORATED,MCHP,"$7,883.90"
"CHICO'S FAS, INC.",CHS,"$7,883.30"
SHIRE PLC,SHPGY,"$7,863.20"
"EXPEDITORS INTERNATIONAL OF WASHINGTON, INC.",EXPD,"$7,841.60"
ENSCO INTERNATIONAL INCORPORATED,ESV,"$7,834.90"
LENNAR CORPORATION,LEN,"$7,827.50"
ASCO PLC ADS,AAA,"$7,827.30"
XCEL ENERGY INC.,XEL,"$7,824.10"
JEFFERSON-PILOT CORPORATION,JP,"$7,818.10"
LABORATORY CORPORATION OF AMERICA HOLDINGS,LH,"$7,795.80"
TELECOMUNICACOES DE SAO PAULO S.A.,TSP,"$7,789.90"
"SOVEREIGN BANCORP, INC.",SOV,"$7,786.00"
IMPERIAL CHEMICAL INDUSTRIES PLC,ICI,"$7,774.50"
NVIDIA CORPORATION,NVDA,"$7,696.10"
"KINDER MORGAN ENERGY PARTNERS, L.P.",KMP,"$7,686.90"
DIAMONDS TRUST SERIES I,DIA,"$7,644.00"
FLUOR CORPORATION,FLR,"$7,636.30"
CANADIAN PACIFIC RAILWAY LIMITED,CP,"$7,630.40"
TELECOM CORPORATION OF NEW ZEALAND LIMITED,NZT,"$7,614.40"
CHINA LIFE INSURANCE COMPANY LIMITED,LFC,"$7,614.20"
UNIVISION COMMUNICATIONS INC.,UVN,"$7,574.40"
"AMERICAN STANDARD COMPANIES, INC.",ASD,"$7,564.90"
SIRIUS SATELLITE RADIO INC.,SIRI,"$7,549.50"
DTE ENERGY COMPANY,DTE,"$7,504.30"
"AUTOZONE, INC.",AZO,"$7,500.00"
AMVESCAP PLC,AVZ,"$7,492.90"
"COOPER INDUSTRIES, LTD.",CBE,"$7,481.10"
"NII HOLDINGS, INC.",NIHD,"$7,471.00"
PUBLICIS GROUPE S.A.,PUB,"$7,470.40"
FRESENIUS MEDICAL CARE CORPORATION,FMS,"$7,424.20"
"HUDSON CITY BANCORP, INC.",HCBK,"$7,422.50"
GENUINE PARTS COMPANY,GPC,"$7,379.90"
"AFFILIATED COMPUTER SERVICES, INC.",ACS,"$7,367.10"
KB HOME,KBH,"$7,364.40"
HARMONY GOLD MINING CO. LTD.,HMY,"$7,343.20"
"AVALONBAY COMMUNITIES, INC.",AVB,"$7,328.00"
VULCAN MATERIALS COMPANY,VMC,"$7,319.80"
INTERNATIONAL POWER PLC,IPR,"$7,263.90"
SHERWIN-WILLIAMS COMPANY (THE),SHW,"$7,242.30"
COGNIZANT TECHNOLOGY SOLUTIONS CORPORATION,CTSH,"$7,237.90"
"HARMAN INTERNATIONAL INDUSTRIES, INCORPORATED",HAR,"$7,234.80"
COCA COLA HELLENIC BOTTLING CO,CCH,"$7,220.80"
EASTMAN KODAK COMPANY,EK,"$7,209.30"
SOUTHWESTERN ENERGY COMPANY,SWN,"$7,207.10"
ISHARES DOW JONES SELECT DIVIDEND INDEX FUND,DVY,"$7,199.60"
HOSPIRA INC,HSP,"$7,198.20"
SODEXHO ALLIANCE SA,SDX,"$7,188.00"
CINTAS CORPORATION,CTAS,"$7,155.10"
"BARR PHARMACEUTICALS, INC.",BRL,"$7,056.00"
HOST MARRIOTT FINANCIAL TRUST,HMT,"$7,051.50"
INFINEON TECHNOLOGIES AG,IFX,"$7,049.50"
R.R. DONNELLEY & SONS COMPANY,RRD,"$7,025.30"
ALTERA CORPORATION,ALTR,"$6,999.20"
BROOKFIELD PROPERTIES CORPORATION,BPO,"$6,984.90"
"PEPSI BOTTLING GROUP, INC. (THE)",PBG,"$6,975.30"
QUESTAR CORPORATION,STR,"$6,948.60"
"C.H. ROBINSON WORLDWIDE, INC.",CHRW,"$6,918.60"
PIXAR,PIXR,"$6,870.20"
CPFL ENERGIA S.A.,CPL,"$6,852.50"
"WENDY'S INTERNATIONAL, INC.",WEN,"$6,852.40"
"FIDELITY NATIONAL FINANCIAL, INC.",FNF,"$6,849.10"
PIONEER NATURAL RESOURCES COMPANY,PXD,"$6,825.00"
NCR CORPORATION,NCR,"$6,820.70"
FREESCALE SEMICONDUCTOR INC,FSL/B,"$6,817.00"
"PLUM CREEK TIMBER COMPANY, INC.",PCL,"$6,798.90"
"DASSAULT SYSTEMES, S.A.",DASTY,"$6,792.20"
"ELAN CORPORATION, PLC",ELN,"$6,782.70"
USX CORPORATION,X,"$6,774.70"
BLACK & DECKER CORPORATION (THE),BDK,"$6,766.90"
CROWN CASTLE INTERNATIONAL CORPORATION,CCI,"$6,750.90"
CONSOL ENERGY INC.,CNX,"$6,745.10"
ALUMINA LTD,AWC,"$6,738.90"
GARMIN LTD.,GRMN,"$6,714.80"
NEWFIELD EXPLORATION COMPANY,NFX,"$6,667.10"
INTERCONTINENTAL HOTELS GROUP,IHG,"$6,664.30"
"MATTEL, INC.",MAT,"$6,663.00"
"C.R. BARD, INC.",BCR,"$6,650.70"
PRECISION CASTPARTS CORPORATION,PCP,"$6,633.40"
"SCIENTIFIC-ATLANTA, INC.",SFA,"$6,597.20"
TECHNIP,TKP,"$6,584.30"
BUNGE LIMITED,BG,"$6,577.70"
BRITISH AIRWAYS PLC,BAB,"$6,576.10"
TELUS CORPORATION,TU,"$6,575.00"
JOY GLOBAL INC.,JOYG,"$6,566.60"
ROYAL & SUNALLIANCE INSURANCE GROUP PLC,RSA,"$6,564.30"
"ETABLISSEMENTS DELHAIZE FRERES ET CIE LE LION"" S.A.""",DEG,"$6,536.00"
NEWELL RUBBERMAID INC.,NWL,"$6,512.80"
"PATTERSON-UTI ENERGY, INC.",PTEN,"$6,500.80"
AMDOCS LIMITED,DOX,"$6,483.20"
SAFECO CORPORATION,SAFC,"$6,454.80"
"GRANT PRIDECO, INC.",GRP,"$6,440.20"
"WYNN RESORTS, LIMITED",WYNN,"$6,427.20"
UST INC.,UST,"$6,369.40"
"W.W. GRAINGER, INC.",GWW,"$6,363.60"
SATYAM COMPUTER SERVICES LIMITED,SAY,"$6,338.10"
GERDAU S.A.,GGB,"$6,336.30"
LAM RESEARCH CORPORATION,LRCX,"$6,314.20"
W.R. BERKLEY CORPORATION,BER,"$6,295.20"
KEYSPAN CORPORATION,KSE,"$6,263.00"
PHILIPPINE LONG DISTANCE TELEPHONE COMPANY,PHI,"$6,255.80"
ENERPLUS RESOURCES FUND,ERF,"$6,239.00"
HARRIS CORPORATION,HRS,"$6,222.90"
ROBERT HALF INTERNATIONAL INC.,RHI,"$6,221.30"
HDFC BANK LIMITED,HDB,"$6,185.30"
V.F. CORPORATION,VFC,"$6,168.10"
"DARDEN RESTAURANTS, INC.",DRI,"$6,146.50"
AIR FRANCE ADS,AKH,"$6,144.60"
"SUNTECH POWER HOLDINGS CO., LTD.",STP,"$6,139.70"
E.W. SCRIPPS COMPANY (THE),SSP,"$6,135.50"
"AMERICA MOVIL, S.A. DE C.V.",AMOV,"$6,112.40"
"VERISIGN, INC.",VRSN,"$6,087.50"
"COMPASS BANCSHARES, INC.",CBSS,"$6,067.60"
UNUMPROVIDENT CORPORATION,UNM,"$6,058.70"
TATA MOTORS LTD,TTM,"$6,042.50"
SEPRACOR INC.,SEPR,"$6,037.10"
"ASSURANT, INC.",AIZ,"$6,010.80"
WASHINGTON POST COMPANY (THE),WPO,"$6,008.50"
"MEMC ELECTRONIC MATERIALS, INC.",WFR,"$6,001.60"
FLEXTRONICS INTERNATIONAL LTD.,FLEX,"$5,999.60"
MGIC INVESTMENT CORPORATION,MTG,"$5,989.20"
"EVEREST RE GROUP, LTD.",RE,"$5,979.30"
AVERY DENNISON CORPORATION,AVY,"$5,956.10"
"OMNICARE, INC.",OCR,"$5,955.90"
LYONDELL CHEMICAL COMPANY,LYO,"$5,931.70"
MOSAIC COMPANY (THE),MOS,"$5,930.10"
"AUTONATION, INC.",AN,"$5,848.70"
ECHOSTAR COMMUNICATIONS CORPORATION,DISH,"$5,839.20"
TORCHMARK CORPORATION,TMK,"$5,821.90"
ABERCROMBIE & FITCH COMPANY,ANF,"$5,818.00"
XM SATELLITE RADIO HOLDINGS INC.,XMSR,"$5,817.40"
"COMMERCE BANCORP, INC.",CBH,"$5,806.90"
"SANTOS, LTD.",STOSY,"$5,792.80"
FASTENAL COMPANY,FAST,"$5,762.70"
"MOHAWK INDUSTRIES, INC.",MHK,"$5,739.90"
"TELLABS, INC.",TLAB,"$5,735.70"
TELEWEST GLOBAL INC,TLWT,"$5,729.70"
"WHITE MOUNTAINS INSURANCE GROUP, LTD.",WTM,"$5,721.50"
"PRIDE INTERNATIONAL, INC.",PDE,"$5,717.90"
IMS HEALTH INCORPORATED,RX,"$5,699.70"
LEUCADIA NATIONAL CORPORATION,LUK,"$5,671.20"
"ALLEGHENY ENERGY, INC.",AYE,"$5,665.70"
HEALTH NET INC.,HNT,"$5,653.20"
FORMENTO ECONOMICO MEXICANO S.A. DE C.V.,FMX,"$5,643.50"
"LEXMARK INTERNATIONAL, INC.",LXK,"$5,636.50"
ISHARES RUSSELL 1000 VALUE INDEX FUND,IWD,"$5,619.20"
THOMSON MULTIMEDIA S.A.,TMS,"$5,616.50"
"ARCH COAL, INC.",ACI,"$5,597.70"
NORTHERN INDIANA PUBLIC SERVICE COMPANY,NI,"$5,596.90"
"CBOT HOLDINGS, INC.",BOT,"$5,592.30"
DAVITA INC.,DVA,"$5,568.10"
CABLEVISION SYSTEMS CORPORATION,CVC,"$5,521.40"
CORUS GROUP PLC,CGA,"$5,514.70"
"COMVERSE TECHNOLOGY, INC.",CMVT,"$5,513.60"
COOPER CAMERON CORPORATION,CAM,"$5,488.60"
IRON MOUNTAIN INCORPORATED,IRM,"$5,466.10"
WILLIS GROUP HOLDINGS LIMITED,WSH,"$5,463.40"
THERMO ELECTRON CORPORATION,TMO,"$5,458.00"
WHIRLPOOL CORPORATION,WHR,"$5,443.20"
"CITRIX SYSTEMS, INC.",CTXS,"$5,438.60"
"POPULAR, INC.",BPOP,"$5,431.40"
NTL INCORPORATED,NTLI,"$5,387.00"
TIFFANY & CO.,TIF,"$5,362.60"
DEVELOPERS DIVERSIFIED REALTY CORPORATION,DDR,"$5,362.50"
DOLLAR GENERAL CORPORATION,DG,"$5,351.00"
VANGUARD TOTAL STOCK MARKET VIPERS,VTI,"$5,344.60"
APPLERA CORPORATION,ABI,"$5,325.50"
HUNTINGTON BANCSHARES INCORPORATED,HBAN,"$5,294.20"
CHINA TELECOM CORP LTD,CHA,"$5,280.40"
"CONSTELLATION BRANDS, INC.",STZ,"$5,275.20"
TOLL BROTHERS INC.,TOL,"$5,272.80"
TEMPLE-INLAND INC.,TIN,"$5,263.70"
CHECK POINT SOFTWARE TECHNOLOGIES LTD.,CHKP,"$5,261.60"
"REPUBLIC SERVICES, INC.",RSG,"$5,250.50"
"NEXTEL PARTNERS, INC.",NXTP,"$5,206.20"
"RED HAT, INC.",RHAT,"$5,108.70"
DEAN FOODS COMPANY,DF,"$5,105.40"
ALLEGHENY TECHNOLOGIES INCORPORATED,ATI,"$5,091.70"
"REXAM, PLC",REXMY,"$5,083.20"
MACERICH COMPANY (THE),MAC,"$5,079.10"
"GETTY IMAGES, INC.",GYI,"$5,068.20"
"HEALTH MANAGEMENT ASSOCIATES, INC.",HMA,"$5,065.10"
"MONSTER WORLDWIDE, INC.",MNST,"$5,033.00"
SHAW COMMUNICATIONS INC.,SJR,"$5,024.00"
"CADENCE DESIGN SYSTEMS, INC.",CDNS,"$5,010.30"
TESORO PETROLEUM CORPORATION,TSO,"$5,000.40"
"EQUIFAX, INC.",EFX,"$4,976.50"
JDS UNIPHASE CORPORATION,JDSU,"$4,974.00"
AVAYA INC.,AV,"$4,964.00"
ALLIANCE CAPITAL MANAGEMENT HOLDING L.P.,AC,"$4,937.30"
OLD REPUBLIC INTERNATIONAL CORPORATION,ORI,"$4,924.40"
"LIBERTY GLOBAL, INC.",LBTYA,"$4,917.50"
"ROWAN COMPANIES, INC.",RDC,"$4,903.40"
DUKE REALTY CORPORATION,DRE,"$4,886.80"
"INTUITIVE SURGICAL, INC.",ISRG,"$4,869.40"
BANCO DE CHILE,BCH,"$4,862.00"
EMBRAER-EMPRESA BRASILEIRA DE AERONAUTICA,ERJ,"$4,859.90"
WISCONSIN ENERGY CORPORATION,WEC,"$4,855.90"
JACOBS ENGINEERING GROUP INC.,JEC,"$4,851.50"
WEIGHT WATCHERS INTERNATIONAL INC,WTW,"$4,847.70"
MEADWESTVACO CORPORATION,MWV,"$4,841.60"
GOODRICH CORPORATION (THE),GR,"$4,839.20"
ENGELHARD CORPORATION,EC,"$4,832.30"
MATAV,MTA,"$4,811.50"
DUN & BRADSTREET CORPORATION (THE),DNB,"$4,798.60"
"LIBERTY GLOBAL, INC.",LBTYK,"$4,798.40"
"BMC SOFTWARE, INC.",BMC,"$4,780.20"
ISHARES RUSSELL 1000 GROWTH INDEX FUND,IWF,"$4,778.80"
ST. JOE COMPANY (THE),JOE,"$4,778.20"
"SANYO ELECTRIC CO., LTD.",SANYY,"$4,774.50"
FIRST TENNESSEE NATIONAL CORPORATION,FHN,"$4,771.70"
HUNTSMAN CORPORATION,HUN,"$4,766.20"
PATTERSON COMPANIES INC.,PDCO,"$4,762.40"
RADIAN GROUP INC.,RDN,"$4,751.60"
ASHLAND INC.,ASH,"$4,747.00"
WESTERN DIGITAL CORPORATION,WDC,"$4,715.20"
ADVANCE AUTO PARTS INC,AAP,"$4,713.30"
CHECKFREE CORPORATION,CKFR,"$4,701.90"
MANPOWER INC,MAN,"$4,701.20"
MERCANTILE BANKSHARES CORPORATION,MRBK,"$4,672.60"
"AMYLIN PHARMACEUTICALS, INC.",AMLN,"$4,670.60"
WATERS CORPORATION,WAT,"$4,642.70"
METSO CORPORATION,MX,"$4,642.00"
TELE NORTE LESTE PARTICIPACOES S.A.,TNE,"$4,639.30"
BROWN-FORMAN CORPORATION,BF/B,"$4,633.60"
"ESTEE LAUDER COMPANIES, INC. (THE)",EL,"$4,631.10"
AMERICAN POWER CONVERSION CORPORATION,APCC,"$4,628.90"
CB RICHARD ELLIS GROUP INC,CBG,"$4,621.60"
HORMEL FOODS CORPORATION,HRL,"$4,620.60"
ASSOCIATED BANC-CORP,ASBC,"$4,618.10"
"NEW YORK COMMUNITY BANCORP, INC.",NYB,"$4,602.40"
SCANA CORPORATION,SCG,"$4,598.80"
"WILLIAMS-SONOMA, INC.",WSM,"$4,591.40"
"KNIGHT-RIDDER, INC.",KRI,"$4,585.60"
SEALED AIR CORPORATION,SEE,"$4,580.40"
"BEA SYSTEMS, INC.",BEAS,"$4,578.50"
"STATION CASINOS, INC.",STN,"$4,578.50"
CUMMINS INC.,CMI,"$4,556.10"
AMCOR LIMITED,AMCR,"$4,554.40"
"KING PHARMACEUTICALS, INC.",KG,"$4,533.60"
"LEGGETT & PLATT, INCORPORATED",LEG,"$4,529.30"
AMPHENOL CORPORATION,APH,"$4,517.70"
STILWELL FINANCIAL INC.,JNS,"$4,505.90"
"MICHAELS STORES, INC.",MIK,"$4,495.60"
"URBAN OUTFITTERS, INC.",URBN,"$4,490.70"
ATI TECHNOLOGIES INC.,ATYT,"$4,488.30"
FIRST AMERICAN CORPORATION (THE),FAF,"$4,488.20"
AXIS CAPITAL HOLDINGS LIMITED,AXS,"$4,485.10"
CDW CORPORATION,CDWC,"$4,472.70"
"CIRCUIT CITY STORES, INC.",CC,"$4,463.00"
AMB PROPERTY CORPORATION,AMB,"$4,460.80"
"EQUITABLE RESOURCES, INC.",EQT,"$4,460.20"
TREND MICRO INCORPORATED,TMIC,"$4,459.80"
IPSCO INC.,IPS,"$4,448.80"
SALESFORCE.COM INC,CRM,"$4,445.70"
LAFARGE CORPORATION,LAF,"$4,420.40"
"NVR, INC.",NVR,"$4,411.00"
PACIFIC CENTURY CYBERWORKS LIMITED,PCW,"$4,410.30"
"CIBA SPECIALTY CHEMICALS HOLDING, INC.",CSB,"$4,406.30"
STUDENT LOAN CORPORATION (THE),STU,"$4,380.00"
REGENCY CENTERS CORPORATION,REG,"$4,374.40"
SIGMA-ALDRICH CORPORATION,SIAL,"$4,362.50"
"CENTURYTEL, INC.",CTL,"$4,362.10"
POTOMAC ELECTRIC POWER COMPANY,POM,"$4,360.70"
SUPERVALU INC.,SVU,"$4,352.70"
"INTERPUBLIC GROUP OF COMPANIES, INC. (THE)",IPG,"$4,348.30"
PEOPLE'S BANK,PBCT,"$4,346.10"
MDU RES GROUP INC,MDU,"$4,339.10"
COMP EN DE MN CEMIG ADS,CIG,"$4,332.10"
TOMKINS PLC,TKS,"$4,254.50"
"MYLAN LABORATORIES, INC.",MYL,"$4,241.60"
USG CORPORATION,USG,"$4,237.40"
ISHARES LEHMAN 1-3 YEAR TREASURY BOND FUND,SHY,"$4,232.30"
GTECH HOLDINGS CORPORATION,GTK,"$4,225.90"
DENTSPLY INTERNATIONAL INC.,XRAY,"$4,222.40"
PINNACLE WEST CAPITAL CORPORATION,PNW,"$4,218.40"
GLAMIS GOLD LTD.,GLG,"$4,217.50"
BALL CORPORATION,BLL,"$4,213.70"
"TRANSATLANTIC HOLDINGS, INC.",TRH,"$4,169.90"
PRECISION DRILLING CORPORATION,PDS,"$4,169.60"
BROWN-FORMAN CORPORATION,BF/A,"$4,151.40"
LAMAR ADVERTISING COMPANY,LAMR,"$4,144.50"
"ADVANCED SEMICONDUCTOR ENGINEERING, INC.",ASX,"$4,144.00"
"FEDERATED INVESTORS, INC.",FII,"$4,138.10"
MAKITA CORP.,MKTAY,"$4,124.90"
"ROSS STORES, INC.",ROST,"$4,124.00"
"CEPHALON, INC.",CEPH,"$4,118.70"
INTERSIL CORPORATION,ISIL,"$4,111.60"
LINCARE HOLDINGS INC.,LNCR,"$4,109.30"
"ARROW ELECTRONICS, INC.",ARW,"$4,108.30"
"AUTOLIV, INC.",ALV,"$4,100.50"
STANLEY WORKS (THE),SWK,"$4,100.30"
NAVTEQ CORP,NVT,"$4,097.40"
CITIZENS COMMUNICATIONS COMPANY,CZN,"$4,096.90"
SEI INVESTMENTS COMPANY,SEIC,"$4,093.50"
TRANSALTA CORPORATION,TAC,"$4,090.30"
ISHARES S&P SMALLCAP 600 INDEX FUND,IJR,"$4,085.10"
"HELMERICH & PAYNE, INC.",HP,"$4,083.30"
NEW YORK TIMES COMPANY (THE),NYT,"$4,082.20"
ALBERTO-CULVER COMPANY,ACV,"$4,081.60"
AMR CORPORATION,AMR,"$4,077.90"
APARTMENT INVESTMENT AND MANAGEMENT COMPANY,AIV,"$4,069.30"
"HENRY SCHEIN, INC.",HSIC,"$4,065.40"
DISCOVERY HOLDING CO,DISCA,"$4,064.30"
ENERGY TRANSFER PARTNERS,ETP,"$4,063.30"
ISTAR FINANCIAL INC.,SFI,"$4,059.30"
GLOBAL PAYMENTS INC.,GPN,"$4,034.80"
BOYD GAMING CORPORATION,BYD,"$4,033.60"
"AMERICAN EAGLE OUTFITTERS, INC.",AEOS,"$4,033.20"
MECHEL STEEL GROUP OAO,MTL,"$4,021.20"
"PHARMACEUTICAL PRODUCT DEVELOPMENT, INC.",PPDI,"$3,998.50"
LIBERTY PROPERTY TRUST,LRY,"$3,993.80"
"BROWN & BROWN, INC.",BRO,"$3,993.60"
"CENTERPOINT ENERGY, INC (HOLDING CO)",CNP,"$3,963.20"
ARCH CAPITAL GROUP LTD.,ACGL,"$3,957.70"
AMERICREDIT CORPORATION,ACF,"$3,934.10"
EASTMAN CHEMICAL COMPANY,EMN,"$3,933.90"
"MARTIN MARIETTA MATERIALS, INC.",MLM,"$3,930.70"
"NOVELLUS SYSTEMS, INC.",NVLS,"$3,929.30"
"ACTIVISION, INC.",ATVI,"$3,924.80"
"DST SYSTEMS, INC.",DST,"$3,909.50"
"NRG ENERGY, INC.",NRG,"$3,895.50"
"NETWORKS ASSOCIATES, INC.",MFE,"$3,890.50"
ALLIED CAPITAL CORPORATION,ALD,"$3,886.10"
"PENTAIR, INC.",PNR,"$3,885.40"
"BUNZL, PLC",BNL,"$3,881.80"
RANGE RESOURCES CORPORATION,RRC,"$3,874.60"
"TOTAL SYSTEM SERVICES, INC.",TSS,"$3,872.50"
"PMI GROUP, INC. (THE)",PMI,"$3,871.30"
"AMERICAN CAPITAL STRATEGIES, LTD.",ACAS,"$3,867.00"
MOLSON COORS BREWING  COMPANY,TAP,"$3,844.90"
"COLONIAL BANCGROUP, INC. (THE)",CNB,"$3,840.70"
MILLICOM INTERNATIONAL CELLULAR S.A.,MICC,"$3,819.90"
QUICKSILVER RESOURCES INC.,KWK,"$3,818.10"
"COMPANIA MINA BUENAVENTURA, S.A.",BVN,"$3,810.00"
INDIANA MICHIGAN POWER CO.,IJD,"$3,810.00"
ENDO PHARMACEUTICALS HOLDINGS INC.,ENDP,"$3,808.90"
VERTEX PHARMACEUTICALS INCORPORATED,VRTX,"$3,781.60"
"HASBRO, INC.",HAS,"$3,781.00"
"NOVELL, INC.",NOVL,"$3,780.20"
"HEALTH CARE PROPERTY INVESTORS, INC.",HCP,"$3,770.10"
SERVICEMASTER COMPANY (THE),SVM,"$3,761.30"
LOGITECH INTERNATIONAL S.A.,LOGI,"$3,760.50"
CIMAREX ENERGY CO,XEC,"$3,754.00"
"MCDERMOTT INTERNATIONAL, INC.",MDR,"$3,728.90"
EATON VANCE CORPORATION,EV,"$3,724.80"
"FAMILY DOLLAR STORES, INC.",FDO,"$3,718.80"
"LIZ CLAIBORNE, INC.",LIZ,"$3,702.80"
"BECKMAN COULTER, INC.",BEC,"$3,700.90"
CHOICEPOINT INC.,CPS,"$3,687.70"
"CONSECO, INC.",CNO,"$3,686.60"
CITY NATIONAL CORPORATION,CYN,"$3,685.50"
"J.B. HUNT TRANSPORT SERVICES, INC.",JBHT,"$3,680.90"
"MERRILL LYNCH & CO., INC.",BDM,"$3,679.40"
"O'REILLY AUTOMOTIVE, INC.",ORLY,"$3,678.40"
ENERGY EAST CORPORATION,EAS,"$3,670.40"
"WATSON PHARMACEUTICALS, INC.",WPI,"$3,666.90"
"JONES APPAREL GROUP, INC.",JNY,"$3,654.30"
INVITROGEN CORPORATION,IVGN,"$3,640.40"
TRIZEC PROPERTIES INC,TRZ,"$3,637.80"
CNX GAS CORPORATION,CXG,"$3,629.00"
BRUNSWICK CORPORATION,BC,"$3,626.00"
OSHKOSH TRUCK CORPORATION,OSK,"$3,623.90"
"TYSON FOODS, INC.",TSN,"$3,623.70"
"AQUA AMERICA, INC.",WTR,"$3,623.40"
BAUSCH & LOMB INCORPORATED,BOL,"$3,622.00"
WEINGARTEN REALTY INVESTORS,WRI,"$3,619.70"
WESTCORP,WES,"$3,616.90"
BIOVAIL CORPORATION,BVF,"$3,614.70"
"A.G. EDWARDS, INC.",AGE,"$3,602.10"
POGO PRODUCING COMPANY,PPP,"$3,593.90"
"PETSMART, INC.",PETM,"$3,590.00"
PALL CORPORATION,PLL,"$3,587.90"
CERIDIAN CORPORATION,CEN,"$3,585.20"
LSI LOGIC CORPORATION,LSI,"$3,584.00"
MILLIPORE CORPORATION,MIL,"$3,581.50"
"WESTERN GAS RESOURCES, INC.",WGR,"$3,578.00"
"MCCORMICK & COMPANY, INCORPORATED",MKC,"$3,570.10"
"AVNET, INC.",AVT,"$3,568.70"
SL GREEN REALTY CORPORATION,SLG,"$3,568.00"
"FMC TECHNOLOGIES, INC.",FTI,"$3,567.90"
"TECO ENERGY, INC.",TE,"$3,554.70"
COVANCE INC.,CVD,"$3,554.40"
"VENATOR GROUP, INC.",FL,"$3,545.60"
"FLORIDA ROCK INDUSTRIES, INC.",FRK,"$3,544.60"
REEBOK INTL LTD,RBK,"$3,541.80"
"TRIAD HOSPITALS, INC.",TRI,"$3,536.80"
FREESCALE SEMICONDUCTOR INC,FSL,"$3,532.90"
FEDERAL REALTY INVESTMENT TRUST,FRT,"$3,524.30"
ENTERPRISE GP HOLDINGS L.P.,EPE,"$3,523.40"
PLAINS EXPLORATION & PRODUCTION COMPANY,PXP,"$3,515.50"
JOHN NUVEEN COMPANY (THE),JNC,"$3,505.60"
"BRINKER INTERNATIONAL, INC.",EAT,"$3,500.30"
PARTNERRE LTD.,PRE,"$3,491.20"
ISHARES LEHMAN TIPS BOND FUND,TIP,"$3,486.60"
POLO RALPH LAUREN CORPORATION,RL,"$3,485.90"
"UNITED DOMINION REALTY TRUST, INC.",UDR,"$3,485.90"
TEREX CORPORATION,TEX,"$3,482.70"
"SILICONWARE PRECISION INDUSTRIES COMPANY, LTD.",SPIL,"$3,477.50"
ALLIANT ENERGY CORPORATION,LNT,"$3,466.50"
ALLIANCE DATA SYSTEMS CORPORATION,ADS,"$3,466.00"
"ROPER INDUSTRIES, INC.",ROP,"$3,461.90"
"COMMERCE BANCSHARES, INC.",CBSH,"$3,459.90"
"DADE BEHRING HOLDINGS, INC",DADE,"$3,458.80"
COGNOS INCORPORATED,COGN,"$3,451.60"
"OUTBACK STEAKHOUSE, INC.",OSI,"$3,451.50"
CERNER CORPORATION,CERN,"$3,440.20"
"NASDAQ STOCK MARKET, INC. (THE)",NDAQ,"$3,437.10"
"HCC INSURANCE HOLDINGS, INC.",HCC,"$3,436.10"
"TERADYNE, INC.",TER,"$3,430.00"
CYTYC CORPORATION,CYTC,"$3,429.90"
SOLECTRON CORPORATION,SLR,"$3,414.20"
TENET HEALTHCARE CORPORATION,THC,"$3,412.60"
"DENBURY RESOURCES, INC. (HOLDING COMPANY)",DNR,"$3,410.60"
CAMDEN PROPERTY TRUST,CPT,"$3,393.90"
"ENERGIZER HOLDINGS, INC.",ENR,"$3,388.10"
"COMMUNITY HEALTH SYSTEMS, INC.",CYH,"$3,384.10"
"RYLAND GROUP, INC. (THE)",RYL,"$3,382.70"
INAMED CORPORATION,IMDC,"$3,377.00"
SCOTTS COMPANY (THE),SMG,"$3,366.20"
TIDEWATER INC.,TDW,"$3,363.60"
"OWENS-ILLINOIS, INC.",OI,"$3,361.20"
PERUSAHAAN SATLT CP,IIT,"$3,346.60"
TIMKEN COMPANY (THE),TKR,"$3,344.00"
TCF FINANCIAL CORPORATION,TCB,"$3,342.40"
"CHARLES RIVER LABORATORIES INTERNATIONAL, INC.",CRL,"$3,335.20"
"AKAMAI TECHNOLOGIES, INC.",AKAM,"$3,325.40"
CORPORATE EXECUTIVE BOARD COMPANY (THE),EXBD,"$3,325.40"
GLOBAL SIGNAL INC,GSL,"$3,314.30"
UTI WORLDWIDE INC.,UTIW,"$3,313.10"
HARSCO CORPORATION,HSC,"$3,306.60"
STREETTRACKS GOLD TRUST,GLD,"$3,306.30"
RECKSON ASSOCIATES REALTY CORPORATION,RA,"$3,296.60"
"PDL BIOPHARMA, INC.",PDLI,"$3,289.20"
INDEPENDENCE COMMUNITY BANK CORP.,ICBC,"$3,279.90"
ERIE INDEMNITY COMPANY,ERIE,"$3,278.10"
MARKEL CORPORATION,MKL,"$3,272.90"
WHITMAN CORPORATION,PAS,"$3,272.10"
DPL INC.,DPL,"$3,269.80"
"CAL DIVE INTERNATIONAL, INC.",CDIS,"$3,267.30"
WFS FINANCIAL INC.,WFSI,"$3,266.50"
"RAYMOND JAMES FINANCIAL, INC.",RJF,"$3,257.70"
SMURFIT-STONE CONTAINER CORPORATION,SSCC,"$3,247.00"
CELANESE CORPORATION,CE,"$3,245.80"
RAYONIER INC. REIT,RYN,"$3,242.70"
"RENAL CARE GROUP, INC.",RCI,"$3,241.60"
RENAISSANCERE HOLDINGS LTD.,RNR,"$3,229.30"
SABRE HOLDINGS CORPORATION,TSG,"$3,215.10"
"BEMIS COMPANY, INC.",BMS,"$3,213.80"
"MILLENNIUM PHARMACEUTICALS, INC.",MLNM,"$3,210.10"
"DAI'EI, INC.",DAIEY,"$3,201.60"
FOREST OIL CORPORATION,FST,"$3,198.20"
COMPUWARE CORPORATION,CPWR,"$3,196.40"
QLOGIC CORPORATION,QLGC,"$3,192.10"
"SYNOPSYS, INC.",SNPS,"$3,192.10"
CANADIAN PAC LTD,FHR,"$3,189.30"
PACTIV CORPORATION,PTV,"$3,186.60"
CMS ENERGY CORPORATION,CMS,"$3,184.80"
CAREER EDUCATION CORPORATION,CECO,"$3,183.20"
ARAMARK CORPORATION,RMK,"$3,179.40"
MASSEY ENERGY COMPANY,MEE,"$3,172.60"
ZEBRA TECHNOLOGIES CORPORATION,ZBRA,"$3,168.00"
ISHARES S&P MIDCAP 400 INDEX FUND,IJH,"$3,166.50"
"JEFFERIES GROUP, INC.",JEF,"$3,165.30"
HON INDUSTRIES INC.,HNI,"$3,160.80"
SIGNET GROUP PLC,SIG,"$3,160.40"
"VENTAS, INC.",VTR,"$3,159.10"
"ITT EDUCATIONAL SERVICES, INC.",ESI,"$3,152.20"
"AFFILIATED MANAGERS GROUP, INC.",AMG,"$3,150.40"
"PLAINS ALL AMERICAN PIPELINE, L.P.",PAA,"$3,149.20"
KONAMI CORPORATION,KNM,"$3,146.40"
LOEWS CORPORATION,CG,"$3,144.60"
BORGWARNER INC.,BWA,"$3,142.90"
SPX CORPORATION,SPW,"$3,139.80"
AMERICAN NATIONAL INSURANCE COMPANY,ANAT,"$3,137.90"
CARMAX INC,KMX,"$3,134.00"
PROTECTIVE LIFE CORPORATION,PL,"$3,132.70"
SAPPI LIMITED,SPP,"$3,127.10"
PITTSTON COMPANY (THE),BCO,"$3,125.10"
AGRIUM INC.,AGU,"$3,120.80"
"CROWN CORK & SEAL COMPANY, INC.",CCK,"$3,118.60"
RHODIA SA,RHA,"$3,118.30"
INGRAM MICRO INC.,IM,"$3,115.50"
LOUISIANA-PACIFIC CORPORATION,LPX,"$3,115.00"
LUBRIZOL CORPORATION (THE),LZ,"$3,110.60"
"CHOICE HOTELS INTERNATIONAL, INC.",CHH,"$3,103.90"
"SYMBOL TECHNOLOGIES, INC.",SBL,"$3,099.50"
JAMES HARDIE INDUSTRIES NV,JHX,"$3,089.60"
"HUGHES SUPPLY, INC.",HUG,"$3,085.10"
"CGI GROUP, INC.",GIB,"$3,083.50"
HOSPITALITY PROPERITES TRUST,HPT,"$3,083.30"
"RELIANT RESOURCES, INC.",RRI,"$3,083.10"
CAPITALSOURCE INC,CSE,"$3,082.60"
"MANOR CARE, INC.",HCR,"$3,078.30"
MERCURY GENERAL CORPORATION,MCY,"$3,077.80"
ISHARES S&P 500/BARRA GROWTH INDEX FUND,IVW,"$3,071.70"
NSTAR,NST,"$3,069.70"
SONOCO PRODUCTS COMPANY,SON,"$3,069.40"
"LEVEL 3 COMMUNICATIONS, INC.",LVLT,"$3,065.90"
SEMICONDUCTOR  MANUFACTURING INTERNATIONAL CORPORATION,SMI,"$3,065.10"
"ALAMOSA HOLDINGS, INC.",APCS,"$3,063.50"
"INTERNATIONA FLAVORS & FRAGRANCES, INC.",IFF,"$3,061.50"
ISHARES S&P 500/BARRA VALUE INDEX FUND,IVE,"$3,058.10"
ALUMINUM CORPORATION OF CHINA LTD,ACH,"$3,055.70"
INVESTORS FINANCIAL SERVICES CORP.,IFIN,"$3,050.30"
MOLEX INCORPORATED,MOLX,"$3,046.10"
"UNITRIN, INC.",UTR,"$3,044.80"
"ARDEN REALTY, INC.",ARI,"$3,040.70"
"REINSURANCE GROUP OF AMERICA, INCORPORATED",RGA,"$3,038.10"
BOK FINANCIAL CORPORATION,BOKF,"$3,035.00"
PANAMSAT HOLDING CORPORATION,PA,"$3,031.80"
IMCLONE SYSTEMS INCORPORATED,IMCL,"$3,025.20"
ASTORIA FINANCIAL CORPORATION,AF,"$3,023.00"
"ADVANCED MEDICAL OPTICS, INC.",EYE,"$3,019.90"
"HILLENBRAND INDUSTRIES, INC.",HB,"$3,016.90"
CROMPTON CORPORATION,CEM,"$3,015.50"
CHICAGO BRIDGE & IRON COMPANY N.V.,CBI,"$3,015.20"
"ALLIED WASTE INDUSTRIES, INC.",AW,"$3,006.10"
"BEAZER HOMES USA, INC.",BZH,"$2,996.70"
FRONTLINE LTD.,FRO,"$2,990.80"
RADIOSHACK CORPORATION,RSH,"$2,988.70"
"AIRGAS, INC.",ARG,"$2,986.10"
"CLAIRE'S STORES, INC.",CLE,"$2,984.00"
NORTHEAST UTILITIES,NU,"$2,983.40"
WARNER MUSIC GROUP CORP.,WMG,"$2,982.60"
"SMITHFIELD FOODS, INC.",SFD,"$2,981.80"
"PERKINELMER, INC.",PKI,"$2,974.30"
"ADC TELECOMMUNICATIONS, INC.",ADCT,"$2,962.10"
SELECT SECTOR SPDR FUND - ENERGY SELECT SECTOR,XLE,"$2,929.20"
TEEKAY SHIPPING CORPORATION,TK,"$2,929.00"
"CULLEN/FROST BANKERS, INC.",CFR,"$2,927.90"
"RAMBUS, INC.",RMBS,"$2,925.40"
"AMERICAN FINANCIAL GROUP, INC.",AFG,"$2,917.60"
GENERAL MOTORS CORPORATION,GPM,"$2,910.40"
NISSIN CO LTD,NIS,"$2,903.60"
"YRC WORLDWIDE, INC.",YRCW,"$2,894.20"
CHEESECAKE FACTORY INCORPORATED (THE),CAKE,"$2,893.80"
FORD MTR CO CAP TR II,F^S,"$2,893.50"
"GILDAN ACTIVEWEAR, INC.",GIL,"$2,892.30"
"AMTEK, INC.",AME,"$2,887.40"
SCIENTIFIC GAMES CORP,SGMS,"$2,877.10"
AVX CORPORATION,AVX,"$2,871.50"
"RYDER SYSTEM, INC.",R,"$2,868.60"
"FAIR, ISAAC AND COMPANY, INCORPORATED",FIC,"$2,865.40"
BRANDYWINE REALTY TRUST,BDN,"$2,864.20"
ENERGEN CORPORATION,EGN,"$2,859.50"
ISHARES RUSSELL 2000 VALUE INDEX FUND,IWN,"$2,853.60"
NOVA CHEMICALS CORPORATION,NCX,"$2,844.10"
"DONALDSON COMPANY, INC.",DCI,"$2,843.50"
ALLIANT TECHSYSTEMS INC.,ATK,"$2,840.10"
WEST CORPORATION,WSTC,"$2,836.80"
FOREST CITY ENTERPRISES INC,FCE/A,"$2,831.00"
"M.D.C. HOLDINGS, INC.",MDC,"$2,829.90"
"SHURGARD STORAGE CENTERS, INC.",SHU,"$2,829.20"
SHAW GROUP INC. (THE),SGR,"$2,824.00"
"INTERCONTINENTALEXCHANGE, INC.",ICE,"$2,818.80"
FULTON FINANCIAL CORPORATION,FULT,"$2,817.60"
"PAN PACIFIC RETAIL PROPERTIES, INC.",PNP,"$2,816.50"
"JLG INDUSTRIES, INC.",JLG,"$2,814.80"
WILMINGTON TRUST CORPORATION,WL,"$2,814.50"
BUHRMANN NV,BUH,"$2,812.90"
CREDICORP LTD.,BAP,"$2,812.60"
SOUTHERN UNION COMPANY,SUG,"$2,807.80"
RESMED INC.,RMD,"$2,793.50"
"BARNES & NOBLE, INC.",BKS,"$2,790.60"
"AGL RESOURCES, INC.",ATG,"$2,780.10"
NATIONAL FUEL GAS COMPANY,NFG,"$2,779.00"
ARTHUR J. GALLAGHER & CO.,AJG,"$2,776.00"
"SKY FINANCIAL GROUP, INC.",SKYF,"$2,773.00"
"INTEGRATED DEVICE TECHNOLOGY, INC.",IDTI,"$2,772.90"
COMMERCIAL METALS COMPANY,CMC,"$2,769.60"
MACK-CALI REALTY CORPORATION,CLI,"$2,767.80"
FOSTER WHEELER LTD.,FWLT,"$2,763.30"
GOODYEAR TIRE & RUBBER COMPANY (THE),GT,"$2,758.90"
"ONEOK, INC.",OKE,"$2,757.40"
UNIT CORPORATION,UNT,"$2,754.40"
GRACO INC.,GGG,"$2,754.10"
VALSPAR CORPORATION (THE),VAL,"$2,746.50"
TODCO,THE,"$2,743.70"
"MDS, INC.",MDZ,"$2,739.70"
"LAIDLAW INTERNATIONAL, INC.",LI,"$2,731.20"
"VIACOM, INC.",VIA,"$2,728.30"
BUSINESS OBJECTS S.A.,BOBJ,"$2,724.80"
MERIDIAN GOLD INC.,MDG,"$2,724.30"
THOMAS & BETTS CORPORATION,TNB,"$2,717.90"
"STANCORP FINANCIAL GROUP, INC.",SFG,"$2,715.30"
PETROBRAS ENERGIA PARTICIPACIONES SA,PZE,"$2,703.40"
"CBL & ASSOCIATES PROPERTIES, INC.",CBL,"$2,697.60"
UNITED STATES CELLULAR CORPORATION,USM,"$2,691.00"
"DIEBOLD, INCORPORATED",DBD,"$2,687.10"
TITANIUM METALS CORPORATION,TIE,"$2,686.90"
"THORNBURG MORTGAGE, INC.",TMA,"$2,685.40"
SAKS INCORPORATED,SKS,"$2,683.80"
"VISHAY INTERTECHNOLOGY, INC.",VSH,"$2,682.20"
"CNF, INC.",CNF,"$2,681.80"
FRONTIER OIL CORPORATION,FTO,"$2,679.10"
"PENN NATIONAL GAMING, INC.",PENN,"$2,677.60"
BANK OF HAWAII CORPORATION,BOH,"$2,677.10"
STANDARD PACIFIC LP,SPF,"$2,669.40"
"SILICON LABORATORIES, INC.",SLAB,"$2,658.30"
SIERRA PACIFIC RESOURCES,SRP,"$2,650.10"
ISHARES LEHMAN AGGREGATE BOND FUND,AGG,"$2,644.00"
"DOLLAR TREE STORES, INC.",DLTR,"$2,638.30"
"STERICYCLE, INC.",SRCL,"$2,637.20"
"W&T OFFSHORE, INC.",WTI,"$2,633.90"
NALCO HOLDING COMPANY,NLC,"$2,633.50"
RELIANCE STEEL & ALUMINUM COMPANY,RS,"$2,632.20"
"KINDER MORGAN MANAGEMENT, LLC",KMR,"$2,626.60"
"INDYMAC BANCORP, INC.",NDE,"$2,625.10"
NATIONAL INSTRUMENTS CORPORATION,NATI,"$2,618.90"
FRESENIUS MED CARE AG,FMS^,"$2,615.40"
"BLACKROCK, INC.",BLK,"$2,613.90"
GOL LINHAS AEREAS INTELIGENTES S.A.,GOL,"$2,612.20"
VALLEY NATIONAL BANCORP,VLY,"$2,607.30"
ALLMERICA FINANCIAL CORPORATION,THG,"$2,601.50"
EMDEON CORPORATION,HLTH,"$2,598.70"
"RESPIRONICS, INC.",RESP,"$2,596.80"
GENTEX CORPORATION,GNTX,"$2,594.80"
"LAUREATE EDUCATION, INC.",LAUR,"$2,592.90"
"TEPPCO PARTNERS, L.P.",TPP,"$2,592.20"
FAIRFAX FINANCIAL HOLDINGS LTD,FFH,"$2,589.70"
PRIMEWEST ENERGY TRUST,PWI,"$2,588.30"
INTERNATIONAL RECTIFIER CORPORATION,IRF,"$2,574.80"
"NEW PLAN EXCEL REALTY TRUST, INC.",NXL,"$2,569.20"
GEN-PROBE INCORPORATED,GPRO,"$2,563.10"
"F5 NETWORKS, INC.",FFIV,"$2,556.80"
"BRE PROPERTIES, INC.",BRE,"$2,554.60"
TELEFLEX INCORPORATED,TFX,"$2,554.10"
EDWARDS LIFESCIENCES CORPORATION,EW,"$2,553.40"
VIDESH SANCHAR NIGAM LIMITED,VSL,"$2,549.30"
TRW AUTOMOTIVE HOLDINGS CORPORATION,TRW,"$2,547.90"
"KINETIC CONCEPTS, INC.",KCI,"$2,544.40"
FLOWSERVE CORPORATION,FLS,"$2,541.50"
J.M. SMUCKER COMPANY (THE),SJM,"$2,539.20"
"AFFYMETRIX, INC.",AFFX,"$2,534.00"
WEBSTER FINANCIAL CORPORATION,WBS,"$2,527.50"
CABOT OIL & GAS CORPORATION,COG,"$2,525.40"
CNH GLOBAL N.V.,CNH,"$2,523.10"
"TRINITY INDUSTRIES, INC.",TRN,"$2,501.60"
WESCO FINANCIAL CORPORATION,WSC,"$2,492.00"
PACKAGING CORPORATION OF AMERICA,PKG,"$2,487.00"
SCOR S.A.,SCO,"$2,477.50"
"LANDSTAR SYSTEM, INC.",LSTR,"$2,475.60"
METHANEX CORPORATION,MEOH,"$2,472.10"
PIONEER CORPORATION,PIO,"$2,470.50"
ST. MARY LAND,SM,"$2,468.50"
"COOPER COMPANIES, INC. (THE)",COO,"$2,466.90"
CABOT CORPORATION,CBT,"$2,466.30"
"WALTER INDUSTRIES, INC.",WLT,"$2,463.80"
"IDEXX LABORATORIES, INC.",IDXX,"$2,462.50"
OGE ENERGY CORPORATION,OGE,"$2,458.90"
DANIELSON HOLDING CORPORATION,CVA,"$2,442.30"
"DUFF & PHELPS UTILITIES INCOME, INC.",DNP,"$2,441.60"
"NATIONWIDE FINANCIAL SERVICES, INC.",NFS,"$2,439.60"
PUGET SOUND ENERGY,PSD,"$2,435.20"
STOLT OFFSHORE S.A.,SOSA,"$2,434.20"
SERVICE CORPORATION INTERNATIONAL,SCI,"$2,426.20"
"ARM HOLDINGS, PLC",ARMHY,"$2,425.30"
ABER DIAMOND CORPORATION,ABER,"$2,423.90"
ANNTAYLOR STORES CORPORATION,ANN,"$2,422.30"
"AMERICAN PHARMACEUTICAL PARTNERS, INC.",APPX,"$2,421.80"
"UNIVERSAL HEALTH SERVICES, INC.",UHS,"$2,417.50"
"THOR INDUSTRIES, INC.",THO,"$2,417.40"
CENTERPOINT PROPERTIES TRUST,CNT,"$2,417.10"
HERBALIFE LTD.,HLF,"$2,414.30"
HAVAS,HAVS,"$2,414.10"
LAN CHILE S.A.,LFL,"$2,411.00"
"LIHIR GOLD, LIMITED",LIHRY,"$2,409.20"
CONVERGYS CORPORATION,CVG,"$2,407.80"
"TEKTRONIX, INC.",TEK,"$2,407.50"
IDEX CORPORATION,IEX,"$2,406.60"
"METTLER-TOLEDO INTERNATIONAL, INC.",MTD,"$2,405.80"
COMPANHIA BRASILEIRA DE DISTRIBUICAO,CBD,"$2,401.80"
AGNICO-EAGLE MINES LIMITED,AEM,"$2,399.00"
"FAIRCHILD SEMICONDUCTOR INTERNATIONAL, INC.",FCS,"$2,396.30"
ISHARES RUSSELL 2000 GROWTH INDEX FUND,IWO,"$2,395.70"
"US AIRWAYS GROUP, INC. NEW",LCC,"$2,395.00"
MOLEX INCORPORATED,MOLXA,"$2,382.50"
KERZNER INTERNATIONAL LIMITED,KZL,"$2,374.70"
AMERUS GROUP COMPANY,AMH,"$2,373.10"
"DOW JONES & COMPANY, INC.",DJ,"$2,371.90"
"CHURCH & DWIGHT COMPANY, INC.",CHD,"$2,367.20"
CLEVELAND-CLIFFS INC.,CLF,"$2,365.00"
ISHARES RUSSELL 1000 INDEX FUND,IWB,"$2,364.60"
COMPANHIA DE SANEAMENTO BASICO DO ESTADO DE SAO PA,SBS,"$2,362.70"
ISHARES S&P MIDCAP 400/BARRA VALUE INDEX FUND,IJJ,"$2,348.40"
MILLS CORPORATION (THE),MLS,"$2,346.20"
TM CORPORATE BOND FUND,LQD,"$2,343.90"
MAXTOR CORPORATION,MXO,"$2,336.80"
"HARTE-HANKS, INC.",HHS,"$2,335.30"
CAPITOL FEDERAL FINANCIAL,CFFN,"$2,332.20"
TECH DATA CORPORATION,TECD,"$2,328.00"
"ENBRIDGE ENERGY, LIMITED PARTNERSHIP",EEP,"$2,325.30"
SNAP-ON INCORPORATED,SNA,"$2,324.70"
CIENA CORPORATION,CIEN,"$2,323.50"
CYPRESS SEMICONDUCTOR CORPORATION,CY,"$2,320.00"
MAHANAGAR TELEPHONE NIGAM LTD,MTE,"$2,318.40"
HUBBELL INC A,HUB/B,"$2,313.70"
"HOLOGIC, INC.",HOLX,"$2,309.70"
"ALEXANDER & BALDWIN, INC.",ALEX,"$2,307.20"
EDUCATION MANAGEMENT CORPORATION,EDMC,"$2,301.10"
DRESSER-RAND GROUP INC.,DRC,"$2,301.00"
"NETEASE.COM, INC.",NTES,"$2,297.30"
ADESA INC,KAR,"$2,293.00"
ALLEGHANY CORPORATION,Y,"$2,292.10"
CYTEC INDUSTRIES INC.,CYT,"$2,287.50"
"VCA ANTECH, INC.",WOOF,"$2,286.30"
UNISYS CORPORATION,UIS,"$2,283.10"
"UNITED RENTALS, INC.",URI,"$2,281.60"
"COPART, INC.",CPRT,"$2,279.30"
"SIERRA HEALTH SERVICES, INC.",SIE,"$2,277.50"
HOVNANIAN ENTERPRISES INC,HOV,"$2,275.10"
POLARIS INDUSTRIES INC.,PII,"$2,274.00"
CARPENTER TECHNOLOGY CORPORATION,CRS,"$2,272.00"
"ESSEX PROPERTY TRUST, INC.",ESS,"$2,271.20"
"WESCO INTERNATIONAL, INC.",WCC,"$2,270.60"
"LENNOX INTERNATIONAL, INC.",LII,"$2,264.80"
"LEAP WIRELESS INTERNATIONAL, INC.",LEAP,"$2,263.00"
"MONEYGRAM INTERNATIONAL, INC.",MGI,"$2,262.10"
NEW CENTURY FINANCIAL CORP.,NEW,"$2,259.60"
KENNAMETAL INC.,KMT,"$2,255.10"
UGI CORPORATION,UGI,"$2,253.80"
HRPT PROPERTIES TRUST,HRP,"$2,251.80"
CRANE COMPANY,CR,"$2,248.10"
JETBLUE AIRWAYS CORPORATION,JBLU,"$2,246.70"
"NEUROCRINE BIOSCIENCES, INC.",NBIX,"$2,244.10"
WPS RESOURCES CORPORATION,WPS,"$2,242.90"
PHILADELPHIA CONSOLIDATED HOLDING CORP.,PHLY,"$2,239.80"
"RPM, INC.",RPM,"$2,235.10"
"COGENT, INC.",COGT,"$2,233.00"
"ADTRAN, INC.",ADTN,"$2,232.00"
"CNET NETWORKS, INC.",CNET,"$2,230.40"
SANMINA-SCI CORPORATION,SANM,"$2,229.40"
AGERE SYSTEMS INC,AGR,"$2,221.90"
COMPAGNIE GENERALE DE GEOPHYSIQUE,GGY,"$2,220.70"
"ALKERMES, INC.",ALKS,"$2,217.60"
TECHNE CORPORATION,TECH,"$2,210.00"
BENETTON GROUP SPA,BNG,"$2,194.40"
HOLLY CORPORATION,HOC,"$2,193.90"
ROYAL BK SCOTLAND GROUP PLC,RBS^F,"$2,193.50"
BROOKDALE SENIOR LIVING INC.,BKD,"$2,190.40"
TRI CONTINENTAL CORPORATION,TY,"$2,183.30"
TRAVELERS PROPERTY CASUALTY CORPORATION,TPK,"$2,182.80"
"UNOVA, INC.",IN,"$2,180.40"
"BJ'S WHOLESALE CLUB, INC.",BJ,"$2,173.90"
ENDURANCE SPECIALTY HOLDINGS LTD,ENH,"$2,173.60"
MEREDITH CORPORATION,MDP,"$2,173.30"
CALAMOS STRATEGIC TOTAL RETURN,CSQ,"$2,169.40"
"PEDIATRIX MEDICAL GROUP, INC.",PDX,"$2,165.90"
"TELEPHONE AND DATA SYSTEMS, INC.",TDS,"$2,160.60"
TELE CELULAR SUL PARTICIPACOES S.A.,TSU,"$2,160.40"
PETROLEUM GEO-SERVICES ASA,PGS,"$2,159.40"
"SUPERIOR ENERGY SERVICES, INC.",SPN,"$2,157.00"
BELO CORPORATION,BLC,"$2,153.60"
TRIMBLE NAVIGATION LIMITED,TRMB,"$2,152.80"
"HEALTH CARE REIT, INC.",HCN,"$2,143.30"
FMC CORPORATION,FMC,"$2,142.20"
CRESCENT REAL ESTATE EQUITIES COMPANY,CEI,"$2,142.10"
CARRAMERICA REALTY CORPORATION,CRE,"$2,141.50"
MERRILL LYNCH BIOTECH HOLDRS,BBH,"$2,139.50"
"AMERICAN REAL ESTATE PARTNERS, L.P.",ACP,"$2,139.00"
"VALHI, INC.",VHI,"$2,132.90"
DEL MONTE FOODS COMPANY,DLM,"$2,132.70"
GREAT PLAINS ENERGY INC,GXP,"$2,131.00"
"RPC, INC.",RES,"$2,130.00"
URS CORPORATION,URS,"$2,127.90"
CARLISLE COMPANIES INCORPORATED,CSL,"$2,124.40"
ATMOS ENERGY CORPORATION,ATO,"$2,124.30"
"HAWAIIAN ELECTRIC INDUSTRIES, INC.",HE,"$2,123.50"
HUANENG POWER INTL,HNP,"$2,117.40"
ARACRUZ CELULOSE S.A.,ARA,"$2,115.60"
"FOUNDRY NETWORKS, INC.",FDRY,"$2,108.50"
CHARTERED SEMICONDUCTOR MANUFACTURING LTD.,CHRT,"$2,105.30"
"MSC INDUSTRIAL DIRECT COMPANY, INC.",MSM,"$2,102.70"
INTERACTIVE DATA CORPORATION,IDC,"$2,101.50"
SAN JUAN BASIN ROYALTY TRUST,SJT,"$2,101.10"
CAE INC,CGT,"$2,100.20"
"WASHINGTON FEDERAL, INC.",WFSL,"$2,099.00"
FIRSTMERIT CORPORATION,FMER,"$2,098.90"
R.H. DONNELLEY CORPORATION,RHD,"$2,092.40"
WHITNEY HOLDING CORPORATION,WTNY,"$2,083.30"
VECTREN CORPORATION,VVC,"$2,082.00"
SCP POOL CORPORATION,POOL,"$2,078.20"
TELEPHONE & DATA SYS INC,TDS/S,"$2,078.20"
"EAST WEST BANCORP, INC.",EWBC,"$2,076.30"
COLONIAL PROPERTIES TRUST,CLP,"$2,070.10"
ANDREW CORPORATION,ANDW,"$2,070.00"
"AVID TECHNOLOGY, INC.",AVID,"$2,069.60"
"NORTHERN BORDER PARTNERS, L.P.",NBP,"$2,067.00"
JONES LANG LASALLE INCORPORATED,JLL,"$2,062.80"
MAVERICK TUBE CORPORATION,MVK,"$2,062.40"
"HERMAN MILLER, INC.",MLHR,"$2,057.40"
ANTEON INTERNATIONAL CORPORATION,ANT,"$2,053.90"
SEABOARD CORPORATION,SEB,"$2,053.10"
CBRL GROUP INC.,CBRL,"$2,052.60"
HYPERION SOLUTIONS CORPORATION,HYSL,"$2,045.80"
WESTLAKE CHEMICAL CORPORATION,WLK,"$2,044.40"
ALBEMARLE CORPORATION,ALB,"$2,040.60"
"OVERSEAS SHIPHOLDING GROUP, INC.",OSG,"$2,034.70"
"KOS PHARMACEUTICALS, INC.",KOSP,"$2,034.60"
FIRST MARBLEHEAD CORPORATION (THE),FMD,"$2,032.40"
PANERA BREAD COMPANY,PNRA,"$2,024.10"
FOCUS MEDIA HOLDING LIMITED,FMCN,"$2,023.80"
BOISE CASCADE CORPORATION,OMX,"$2,022.70"
DISTRIBUCION Y SERVICIO,DYS,"$2,022.30"
ASPEN INSURANCE HOLDINGS LIMITED,AHL,"$2,015.40"
ACXIOM CORPORATION,ACXM,"$2,014.50"
"MANITOWOC COMPANY, INC.",MTW,"$2,011.80"
ZENITH NATIONAL INSURANCE CORPORATION,ZNT,"$2,011.80"
"CORN PRODUCTS INTERNATIONAL, INC.",CPO,"$2,011.10"
GATX CORPORATION,GMT,"$2,009.50"
TRACTOR SUPPLY COMPANY,TSCO,"$2,009.00"
"OIL STATES INTERNATIONAL, INC.",OIS,"$2,006.40"
"FOUNDATION COAL HOLDINGS, INC.",FCL,"$2,002.80"
"STEEL DYNAMICS, INC.",STLD,"$2,000.80"
BURLINGTON COAT FACTORY CORPORATION,BCF,"$2,000.30"
"ABGENIX, INC.",ABGX,"$1,998.60"
"FIRST INDUSTRIAL REALTY TRUST, INC.",FR,"$1,995.90"
"PALM, INC.",PALM,"$1,991.30"
"KOREA FUND, INC. (THE)",KF,"$1,987.60"
TELESP CELULAR PARTICIPACOES S.A.,TCP,"$1,985.20"
"ALEXANDRIA REAL ESTATE EQUITIES, INC.",ARE,"$1,984.70"
"METLIFE, INC.",MEU,"$1,980.00"
"CREE, INC.",CREE,"$1,977.60"
MICROSEMI CORPORATION,MSCC,"$1,973.90"
"APTARGROUP, INC.",ATR,"$1,972.90"
MENTOR CORPORATION,MNT,"$1,970.10"
NATIONAL FINANCIAL PARTNERS CORPORATION,NFP,"$1,967.30"
WACOAL HOLDINGS CORPORATION,WACLY,"$1,966.20"
"NEUSTAR, INC.",NSR,"$1,963.90"
"CELESTICA, INC.",CLS,"$1,962.80"
COMPUCREDIT CORPORATION,CCRT,"$1,962.60"
"CARTER'S, INC.",CRI,"$1,960.90"
DR. REDDY'S LABORATORIES LTD,RDY,"$1,959.40"
MAGELLAN MIDSTREAM PARTNERS L.P.,MMP,"$1,959.40"
COLUMBIA SPORTSWEAR COMPANY,COLM,"$1,954.90"
KILROY REALTY CORPORATION,KRC,"$1,954.90"
"SYBASE, INC.",SY,"$1,953.90"
REALTY INCOME CORPORATION,O,"$1,949.20"
SOUTH FINANCIAL GROUP INC. (THE),TSFG,"$1,947.10"
HANSEN NATURAL CORPORATION,HANS,"$1,946.90"
DESARROLLADORA HOMEX,HXM,"$1,943.00"
"DILLARD'S, INC.",DDS,"$1,941.50"
COMPANIA DE TELECOMUNICACIONES DE CHILE S.A.,CTC,"$1,933.70"
FACTSET RESEARCH SYSTEMS INC.,FDS,"$1,930.20"
HEXCEL CORPORATION,HXL,"$1,927.70"
ON SEMICONDUCTOR CORPORATION,ONNN,"$1,927.30"
OHIO CASUALTY CORPORATION,OCAS,"$1,917.30"
"CHENIERE ENERGY, INC.",LNG,"$1,916.50"
ASSURED GUARANTY LTD,AGO,"$1,916.00"
TORO COMPANY (THE),TTC,"$1,915.20"
"NUVEEN MUNICIPAL VALUE FUND, INC.",NUV,"$1,912.60"
"NFJ DIVIDEND, INTEREST & PREMIUM STRATEGY FUND",NFJ,"$1,911.40"
ATMEL CORPORATION,ATML,"$1,908.80"
FREMONT GENERAL CORPORATION,FMT,"$1,907.90"
ALLIANCE CAPITAL MANAGEMENT HOLDING L.P.,ACG,"$1,907.40"
"TAUBMAN CENTERS, INC.",TCO,"$1,907.30"
KANSAS CITY SOUTHERN,KSU,"$1,907.10"
NAVISTAR INTERNATIONAL CORPORATION,NAV,"$1,906.90"
VALERO LP,VLI,"$1,906.60"
"INVESTMENT TECHNOLOGY GROUP, INC.",ITG,"$1,899.50"
"FOUR SEASONS HOTELS, INC.",FS,"$1,895.10"
LENNAR CORP,LEN/B,"$1,892.90"
SELECT SECTOR SPDR FUND - FINANCIAL,XLF,"$1,889.60"
ISHARES RUSSELL 3000 INDEX FUND,IWV,"$1,889.00"
"VALUECLICK, INC.",VCLK,"$1,888.50"
"GUESS?, INC.",GES,"$1,888.40"
RITE AID CORPORATION,RAD,"$1,886.30"
"COLDWATER CREEK, INC.",CWTR,"$1,874.30"
"VARIAN SEMICONDUCTOR EQUIPMENT ASSOCIATES, INC.",VSEA,"$1,873.10"
"LINCOLN ELECTRIC HOLDINGS, INC.",LECO,"$1,871.30"
"JACK HENRY & ASSOCIATES, INC.",JKHY,"$1,867.90"
HUDSON UNITED BANCORP,HU,"$1,867.80"
"WADDELL & REED FINANCIAL, INC.",WDR,"$1,865.80"
SBA COMMUNICATIONS CORPORATION,SBAC,"$1,864.20"
"SIMPSON MANUFACTURING COMPANY, INC.",SSD,"$1,863.50"
INTERNATIONAL BANCSHARES CORPORATION,IBOC,"$1,863.30"
COPENE-PETROQUIMICA DO NORDESTE,BAK,"$1,860.60"
TIMBERLAND COMPANY (THE),TBL,"$1,859.20"
SEACOR SMIT INC.,CKH,"$1,858.10"
"PIEDMONT NATURAL GAS COMPANY, INC.",PNY,"$1,857.90"
ISHARES RUSSELL MIDCAP VALUE INDEX FUND,IWS,"$1,855.20"
CENTRAL EUROPEAN MEDIA ENTERPRISES LTD.,CETV,"$1,847.50"
STERIS CORPORATION,STE,"$1,845.80"
"FRIEDMAN, BILLINGS, RAMSEY GROUP, INC.",FBR,"$1,841.90"
"BEBE STORES, INC.",BEBE,"$1,840.50"
SELECT SECTOR SPDR FUND - HEALTH CARE,XLV,"$1,835.20"
"APPLEBEE'S INTERNATIONAL, INC.",APPB,"$1,828.50"
STOLT-NIELSEN S.A.,SNSA,"$1,826.00"
DOWNEY FINANCIAL CORPORATION,DSL,"$1,823.90"
"POLYCOM, INC.",PLCM,"$1,822.90"
"WORTHINGTON INDUSTRIES, INC.",WOR,"$1,821.80"
"PACIFIC SUNWEAR OF CALIFORNIA, INC.",PSUN,"$1,818.10"
BRADY CORPORATION,BRC,"$1,815.20"
"COMMERCE GROUP, INC. (THE)",CGI,"$1,813.90"
EATON VANCE CORPORATION,ETW,"$1,813.00"
"OPTIONSXPRESS HOLDINGS, INC.",OXPS,"$1,811.40"
KYPHON INC.,KYPH,"$1,807.70"
NICOR INC.,GAS,"$1,806.80"
"MEN'S WEARHOUSE, INC. (THE)",MW,"$1,805.50"
"BANCORPSOUTH, INC.",BXS,"$1,803.50"
"EQUITY ONE, INC.",EQY,"$1,801.20"
BRIGGS & STRATTON CORPORATION,BGG,"$1,799.80"
KKR FINANCIAL CORP.,KFN,"$1,799.60"
AKTIESELSKABET DAMPSKIBSSELSKABET TORM,TRMD,"$1,799.30"
"JOHN WILEY & SONS, INC.",JW/A,"$1,795.30"
"UNITED AUTO GROUP, INC.",UAG,"$1,794.50"
HOUSTON EXPLORATION COMPANY (THE),THX,"$1,794.20"
CATHAY GENERAL BANCORP,CATY,"$1,791.50"
"CORUS BANKSHARES, INC.",CORS,"$1,790.00"
"WESTAR ENERGY, INC.",WR,"$1,788.40"
ENCORE ACQUISITION COMPANY,EAC,"$1,784.80"
NCE PETROFUND,PTF,"$1,782.90"
"CONTINENTAL AIRLINES, INC.",CAL,"$1,778.40"
3COM CORPORATION,COMS,"$1,777.30"
PLATINUM UNDERWRITERS HOLDINGS LTD,PTP,"$1,776.80"
ANIXTER INTERNATIONAL INC.,AXE,"$1,771.40"
REYNOLDS AND REYNOLDS COMPANY (THE),REY,"$1,771.30"
"MICROS SYSTEMS, INC.",MCRS,"$1,768.60"
CLARCOR INC.,CLC,"$1,767.70"
"LIFEPOINT HOSPITALS, INC.",LPNT,"$1,761.30"
NUVEEN PREFERRED AND CONVERTIBLE INCOME FUND 2,JQC,"$1,761.20"
PEROT SYSTEMS CORPORATION,PER,"$1,758.50"
REGIS CORPORATION,RGS,"$1,757.50"
SVB FINANCIAL GROUP,SIVB,"$1,755.90"
QIAGEN N.V.,QGEN,"$1,753.80"
"BISYS GROUP, INC. (THE)",BSG,"$1,750.50"
"KNIGHT TRANSPORTATION, INC.",KNX,"$1,741.10"
"LONE STAR TECHNOLOGIES, INC.",LSS,"$1,739.60"
SELECT SECTOR SPDR FUND - UTILITIES,XLU,"$1,738.80"
PARAMETRIC TECHNOLOGY CORPORATION,PMTC,"$1,737.20"
"PMC - SIERRA, INC.",PMCS,"$1,733.50"
EATON VANCE LIMITED DURATION INCOME FUND,EVV,"$1,733.20"
GAYLORD ENTERTAINMENT COMPANY,GET,"$1,733.00"
"IPC HOLDINGS, LIMITED",IPCR,"$1,733.00"
NEKTAR THERAPEUTICS,NKTR,"$1,732.30"
"PSYCHIATRIC SOLUTIONS, INC.",PSYS,"$1,729.70"
"SWIFT TRANSPORTATION CO., INC.",SWFT,"$1,729.60"
"BAIDU.COM, INC.",BIDU,"$1,729.00"
WESTAMERICA BANCORPORATION,WABC,"$1,727.60"
"VERIPHONE HOLDINGS, INC.",PAY,"$1,726.90"
AMERCO,UHAL,"$1,724.10"
CBS CORP NEW,CBS/A,"$1,722.50"
PIMCO HIGH INCOME FUND,PHK,"$1,721.90"
"SYBRON DENTAL SPECIALTIES, INC.",SYD,"$1,721.30"
MONTPELIER RE HOLDINGS LTD,MRH,"$1,721.10"
"CACI INTERNATIONAL, INC.",CAI,"$1,720.00"
"HEARTLAND EXPRESS, INC.",HTLD,"$1,719.30"
GENERAL MOTORS CORPORATION SER B CONV SR DBS DUE 2032,GBM,"$1,718.10"
"AMERIGAS PARTNERS, L.P.",APU,"$1,715.80"
"UNITED SURGICAL PARTNERS INTERNATIONAL, INC.",USPI,"$1,713.70"
"WERNER ENTERPRISES, INC.",WERN,"$1,710.80"
BUCKEYE PARTNERS L.P.,BPL,"$1,710.40"
GAMESTOP CORPORATION,GME,"$1,710.00"
NUTRI/SYSTEM INC,NTRI,"$1,708.40"
"ABITIBI-CONSOLIDATED, INC.",ABY,"$1,707.90"
WHITING PETROLEUM CORPORATION,WLL,"$1,705.80"
ODYSSEY RE HOLDINGS CORPORATION,ORH,"$1,704.60"
"HIGHWOODS PROPERTIES, INC.",HIW,"$1,704.10"
LEAR CORPORATION,LEA,"$1,702.70"
"AQUANTIVE, INC.",AQNT,"$1,702.10"
"QUIKSILVER, INC.",ZQK,"$1,701.70"
ACUITY BRANDS INC,AYI,"$1,699.50"
GREENHILL,GHL,"$1,696.30"
PACIFIC CAPITAL BANCORP,PCBC,"$1,695.70"
"TIBCO SOFTWARE, INC.",TIBX,"$1,695.30"
"SKYWEST, INC.",SKYW,"$1,692.50"
HANOVER COMPRESSOR COMPANY,HC,"$1,689.60"
"PNM RESOURCES, INC. (HOLDING CO.)",PNM,"$1,689.50"
GRANITE CONSTRUCTION INCORPORATED,GVA,"$1,688.00"
UICI,UCI,"$1,685.00"
HERITAGE PROPERTY INVESTMENT TRUST INC,HTG,"$1,682.10"
"FIRST CITIZENS BANCSHARES, INC.",FCNCA,"$1,681.90"
"FOSSIL, INC.",FOSL,"$1,681.70"
MEDICIS PHARMACEUTICAL CORPORATION,MRX,"$1,681.60"
BERRY PETROLEUM COMPANY,BRY,"$1,681.10"
CORRECTIONS CORPORATION OF AMERICA,CXW,"$1,680.00"
EATON VANCE TAX ADVANTAGED DIVIDEND INCOME FUND,EVT,"$1,679.60"
HEWITT ASSOCIATES INC,HEW,"$1,679.10"
JARDEN CORPORATION,JAH,"$1,677.40"
SMEDVIG ASA ADS CLA,SMV/A,"$1,677.40"
DYNEGY INC.,DYN,"$1,676.50"
NUVEEN QUALITY PREFERRED INCOME FUND 2,JPS,"$1,676.00"
HEALTHCARE REALTY TRUST INCORPORATED,HR,"$1,673.40"
"FLOWERS FOODS, INC.",FLO,"$1,672.70"
SONIC CORP.,SONC,"$1,672.60"
"PAYLESS SHOESOURCE, INC.",PSS,"$1,671.20"
"NEWALLIANCE BANCSHARES, INC.",NAL,"$1,668.40"
BILL BARRETT CORPORATION,BBG,"$1,667.80"
"SIRF TECHNOLOGY HOLDINGS, INC.",SIRF,"$1,666.90"
"GRUMA, S.A. DE C.V.",GMK,"$1,666.20"
VALEANT PHARMACEUTICALS INTERNATIONAL,VRX,"$1,664.20"
"ARMOR HOLDINGS, INC.",AH,"$1,664.10"
DOMINO'S PIZZA INC,DPZ,"$1,662.40"
"RUBY TUESDAY, INC.",RI,"$1,661.60"
"WATSCO, INC.",WSO,"$1,660.60"
"PLANTRONICS, INC.",PLT,"$1,658.40"
"POST PROPERTIES, INC.",PPS,"$1,658.10"
MERITAGE CORPORATION,MTH,"$1,654.90"
THQ INC.,THQI,"$1,653.90"
ROSTELECOM,ROS,"$1,651.70"
"FLIR SYSTEMS, INC.",FLIR,"$1,644.20"
"BORDERS GROUP, INC.",BGP,"$1,643.90"
AEROPOSTALE INC,ARO,"$1,643.20"
BEARINGPOINT INC,BE,"$1,637.60"
BRASIL TELECOM PARTICIPACOES S.A.,BRP,"$1,637.60"
HYDRIL,HYDL,"$1,637.00"
"SELECTIVE INSURANCE GROUP, INC.",SIGI,"$1,636.50"
"NELNET, INC.",NNI,"$1,634.70"
"QUANTA SERVICES, INC.",PWR,"$1,634.40"
CONVERIUM HOLDING AG,CHR,"$1,634.10"
ABN AMRO CAP FDG TR VII,ABN^G,"$1,632.20"
ISHARES SMALL CAP 600/BARRA VALUE INDEX FUND,IJS,"$1,631.50"
AGCO CORPORATION,AG,"$1,630.00"
MI DEVELOPMENTS INC,MIM,"$1,627.50"
AVOCENT CORPORATION,AVCT,"$1,626.90"
"SYNIVERSE HOLDINGS, INC.",SVR,"$1,624.70"
"CARBO CERAMICS, INC.",CRR,"$1,622.50"
DEVRY INC.,DV,"$1,622.30"
WASTE CONNECTIONS INC.,WCN,"$1,620.60"
PILGRIM'S PRIDE CORPORATION,PPC,"$1,620.00"
"MARVEL ENTERPRISES, INC.",MVL,"$1,617.50"
UNITED STATIONERS INC.,USTR,"$1,616.90"
PAN AMERICAN SILVER CORP.,PAAS,"$1,616.70"
"UCBH HOLDINGS, INC.",UCBH,"$1,616.10"
"POWERWAVE TECHNOLOGIES, INC.",PWAV,"$1,615.90"
GENLYTE GROUP INCORPORATED (THE),GLYT,"$1,613.90"
OSI PHARMACEUTICALS INC.,OSIP,"$1,612.90"
"CYMER, INC.",CYMI,"$1,612.20"
EATON VANCE TAX-ADVANTAGED GLOBAL DIVIDEND INCOME FU,ETG,"$1,609.20"
"FLORIDA EAST COAST INDUSTRIES, INC.",FLA,"$1,608.30"
ISHARES MSCI PACIFIC EX-JAPAN INDEX FUND,EPP,"$1,608.10"
"EGL, INC.",EAGL,"$1,606.60"
"GLOBAL INDUSTRIES, LTD.",GLBL,"$1,604.20"
ISHARES COHEN & STEERS REALTY MAJORS INDEX FUND,ICF,"$1,603.60"
CORPORATE OFFICE PROPERTIES TRUST,OFC,"$1,603.00"
ISHARES NASDAQ BIOTECHNOLOGY INDEX FUND,IBB,"$1,601.90"
AMERICAN FINANCIAL REALTY TRUST,AFR,"$1,599.90"
SOCIEDAD QUIMICA Y MINERA DE,SQM/A,"$1,599.90"
"COMPANIA CERVECERIAS UNIDAS, S.A.",CU,"$1,595.70"
"CONEXANT SYSTEMS, INC.",CNXT,"$1,594.80"
BROOKFIELD HOMES CORP,BHS,"$1,594.40"
ICOS CORPORATION,ICOS,"$1,593.60"
PRO-ASSURANCE CORPORATION,PRA,"$1,591.80"
COLT TELECOM GROUP PLC,COLT,"$1,589.40"
"OCEANEERING INTERNATIONAL, INC.",OII,"$1,587.60"
WELLCARE GROUP,WCG,"$1,586.00"
"FIRST MIDWEST BANCORP, INC.",FMBI,"$1,584.40"
TRUSTMARK CORPORATION,TRMK,"$1,580.40"
COUSINS PROPERTIES INCORPORATED,CUZ,"$1,578.20"
HIGHVELD STEEL AND VANADIUM CORPORATION LIMITED,HSVLY,"$1,576.80"
METLIFE INC,MET^B,"$1,575.00"
OPENWAVE SYSTEMS INC,OPWV,"$1,574.90"
"AMERICAN MEDICAL SYSTEMS HOLDINGS, INC.",AMMD,"$1,574.40"
"VERITAS DGC, INC.",VTS,"$1,574.10"
ISHARES S&P MIDCAP 400/BARRA GROWTH INDEX FUND,IJK,"$1,573.10"
"QUEST SOFTWARE, INC.",QSFT,"$1,571.90"
"WASHINGTON GROUP INTERNATIONAL, INC.",WGII,"$1,571.20"
"UNITED BANKSHARES, INC.",UBSI,"$1,570.90"
"IKON OFFICE SOLUTIONS, INC.",IKN,"$1,570.20"
"WEBSENSE, INC.",WBSN,"$1,569.10"
"SPEEDWAY MOTORSPORTS, INC.",TRK,"$1,568.10"
ISHARES RUSSELL MIDCAP INDEX FUND,IWR,"$1,566.90"
"ROCKWOOD HOLDINGS, INC.",ROC,"$1,566.30"
"READER'S DIGEST ASSOCIATION, INC. (THE)",RDA,"$1,565.60"
AMERADA HESS CORP,AHC^,"$1,564.20"
GEMPLUS INTERNATIONAL S.A.,GEMP,"$1,563.30"
GABELLI DIVIDEND,GDV,"$1,562.70"
FIRST NIAGARA FINANCIAL GROUP INC.,FNFG,"$1,562.20"
"GARTNER, INC.",IT,"$1,562.10"
PARK NATIONAL CORPORATION,PRK,"$1,559.50"
"MEDAREX, INC.",MEDX,"$1,556.70"
QUANEX CORPORATION,NX,"$1,555.60"
"SUNRISE SENIOR LIVING, INC.",SRZ,"$1,555.20"
IMATION CORPORATION,IMN,"$1,554.80"
STATE AUTO FINANCIAL CORPORATION,STFC,"$1,554.60"
"INDIA FUND, INC. (THE)",IFN,"$1,553.70"
VIROPHARMA INCORPORATED,VPHM,"$1,553.70"
ACTUANT CORPORATION,ATU,"$1,552.90"
"BE AEROSPACE, INC.",BEAV,"$1,551.90"
"MYOGEN, INC.",MYOG,"$1,549.60"
RITCHIE BROS. AUCTIONEERS INCORPORATED,RBA,"$1,547.40"
"NATIONWIDE HEALTH PROPERTIES, INC.",NHP,"$1,545.10"
"MORNINGSTAR, INC.",MORN,"$1,541.80"
"INTERNATIONAL COAL GROUP, INC.",ICO,"$1,541.50"
HUGOTON ROYALTY TRUST,HGT,"$1,540.80"
OCE NV,OCENY,"$1,540.30"
"ANNALY MORTGAGE MANAGEMENT, INC.",NLY,"$1,537.40"
KRONOS WORLDWIDE INC,KRO,"$1,537.00"
ING CLARION GLOBAL REAL ESTATE INCOME FUND,IGR,"$1,535.60"
EMULEX CORPORATION,ELX,"$1,535.50"
PHH CORP,PHH,"$1,534.70"
"BENCHMARK ELECTRONICS, INC.",BHE,"$1,533.90"
SALOMON BROTHERS FUND INC.,SBF,"$1,530.50"
"CERADYNE, INC.",CRDN,"$1,529.90"
"TEXAS REGIONAL BANCSHARES, INC.",TRBS,"$1,529.60"
PHILLIPS-VAN HEUSEN CORPORATION,PVH,"$1,529.50"
BOWATER INCORPORATED,BOW,"$1,528.90"
TOMMY HILFIGER USA INC,TOM,"$1,525.90"
"BIG LOTS, INC.",BLI,"$1,523.40"
WASHINGTON GAS LIGHT COMPANY,WGL,"$1,520.40"
"ELECTRONICS FOR IMAGING, INC.",EFII,"$1,518.10"
"ALPHA NATURAL RESOURCES, INC.",ANR,"$1,515.80"
BP PRUDHOE BAY ROYALTY TRUST,BPT,"$1,514.70"
"CEDAR FAIR, L.P.",FUN,"$1,514.20"
MAX RE CAPITAL LTD.,MXRE,"$1,514.00"
WESTINGHOUSE AIR BRAKE TECHNOLOGIES CORPORATION,WAB,"$1,512.70"
GFI GROUP INC.,GFIG,"$1,512.60"
POTLATCH CORPORATION,PCH,"$1,504.30"
YANZHOU COAL MINING COMPANY LIMITED,YZC,"$1,501.30"
"NETFLIX, INC.",NFLX,"$1,498.00"
ABERDEEN ASIA-PACIFIC INCOME FUND INC,FAX,"$1,496.20"
DIAGNOSTIC PRODUCTS CORPORATION,DP,"$1,496.10"
"ATWOOD OCEANICS, INC.",ATW,"$1,496.00"
UNITED THERAPEUTICS CORPORATION,UTHR,"$1,494.80"
NATIONAL AUSTRALIA BANK LIMITED,NAU,"$1,494.20"
PENNSYLVANIA REAL ESTATE INVESTMENT TRUST,PEI,"$1,493.10"
MAGUIRE PROPERTIES INC,MPG,"$1,492.80"
"EARTHLINK, INC.",ELNK,"$1,491.80"
"AIRTRAN HOLDINGS, INC.",AAI,"$1,487.60"
"TALBOTS, INC. (THE)",TLB,"$1,483.70"
NORDSON CORPORATION,NDSN,"$1,483.20"
"ENERGY CONVERSION DEVICES, INC.",ENER,"$1,481.90"
"CHARMING SHOPPES, INC.",CHRS,"$1,474.30"
OLIN CORPORATION,OLN,"$1,474.00"
"ROLLINS, INC.",ROL,"$1,468.00"
PARTNER COMMUNICATIONS COMPANY LTD.,PTNR,"$1,466.80"
"OREGON STEEL MILLS, INC.",OS,"$1,466.70"
"GREY WOLF, INC.",GW,"$1,465.70"
"ZYMOGENETICS, INC.",ZGEN,"$1,464.20"
VAN KAMPEN SENIOR INCOME TRUST,VVR,"$1,461.70"
"KCS ENERGY, INC.",KCS,"$1,459.50"
"HOME PROPERTIES, INC.",HME,"$1,459.40"
MINE SAFETY APPLIANCES COMPANY,MSA,"$1,458.90"
PERRIGO COMPANY,PRGO,"$1,458.20"
"VENTANA MEDICAL SYSTEMS, INC.",VMSI,"$1,457.10"
RENT-A-CENTER INC.,RCII,"$1,455.00"
BANCOLOMBIA S.A.,CIB,"$1,452.90"
UMB FINANCIAL CORPORATION,UMBF,"$1,451.20"
PATNI COMPUTER SYSTEMS LIMITED,PTI,"$1,450.90"
HEADWATERS INCORPORATED,HW,"$1,450.80"
"TESSERA TECHNOLOGIES, INC.",TSRA,"$1,449.40"
"HUMAN GENOME SCIENCES, INC.",HGSI,"$1,441.50"
"ADAMS RESPIRATORY THERAPEUTICS, INC.",ARXT,"$1,437.90"
CITADEL BROADCASTING CORPORATION,CDL,"$1,437.60"
"MODIS PROFESSIONAL SERVICES, INC.",MPS,"$1,437.40"
SOCIEDAD QUIMICA Y MINERA S.A.,SQM,"$1,436.00"
"PHOENIX COMPANIES, INC. (THE)",PNX,"$1,435.10"
KIRBY CORPORATION,KEX,"$1,433.30"
"UNIVERSAL COMPRESSION HOLDINGS, INC.",UCO,"$1,431.60"
SADIA S.A.,SDA,"$1,431.40"
"ENTEGRIS, INC.",ENTG,"$1,428.50"
"ARROW INTERNATIONAL, INC.",ARRO,"$1,428.40"
PEOPLES ENERGY CORPORATION,PGL,"$1,425.30"
AMERICAN HOME MORTGAGE INVESTMENT CORP,AHM,"$1,419.70"
ETHAN ALLEN INTERIORS INC.,ETH,"$1,418.90"
SWIFT ENERGY COMPANY,SFY,"$1,418.70"
OLD NATIONAL BANCORP CAPITAL TRUST I,ONB,"$1,417.80"
SELECT SECTOR SPDR FUND - TECHNOLOGY,XLK,"$1,415.50"
EAGLE MATERIALS INC,EXP,"$1,415.00"
"SUNSTONE HOTEL INVESTORS, INC.",SHO,"$1,412.80"
W HOLDING COMPANY INCORPORATED,WHI,"$1,412.60"
"KOMAG, INC. NEW",KOMG,"$1,409.10"
"SILGAN HOLDINGS, INC.",SLGN,"$1,408.60"
LANCASTER COLONY CORPORATION,LANC,"$1,407.90"
GEMSTAR-TV GUIDE INTERNATIONAL INC.,GMST,"$1,406.30"
SEMTECH CORPORATION,SMTC,"$1,404.40"
"DRESS BARN, INC. (THE)",DBRN,"$1,404.30"
"DUQUESNE LIGHT HOLDINGS, INC.",DQE,"$1,402.00"
"ANSYS, INC.",ANSS,"$1,401.30"
"DREAMWORKS ANIMATION SKG, INC.",DWA,"$1,400.90"
"INTERNATION SECURITIES EXCHANGE, INC.",ISE,"$1,399.40"
"GUITAR CENTER, INC.",GTRC,"$1,396.50"
RLI CORPORATION,RLI,"$1,396.40"
"DRS TECHNOLOGIES, INC.",DRS,"$1,395.80"
21ST CENTURY INSURANCE GROUP,TW,"$1,394.00"
"INVESTORS BANCORP, INC.",ISBC,"$1,393.00"
INTERDIGITAL COMMUNICATIONS CORP.,IDCC,"$1,392.60"
"HILB, ROGAL AND HAMILTON COMPANY",HRH,"$1,392.20"
"ALPHARMA, INC.",ALO,"$1,392.00"
"NBTY, INC.",NTY,"$1,390.20"
WASHINGTON REAL ESTATE INVESTMENT TRUST,WRE,"$1,389.60"
IAMGOLD CORPORATION,IAG,"$1,387.90"
"TRIDENT MICROSYSTEMS, INC.",TRID,"$1,386.90"
INTERNATIONAL SPEEDWAY CORPORATION,ISCA,"$1,386.00"
JACK IN THE BOX INC.,JBX,"$1,385.80"
MAYTAG CORPORATION,MYG,"$1,380.30"
COGNEX CORPORATION,CGNX,"$1,380.20"
"MAF BANCORP, INC.",MAFB,"$1,378.40"
"W-H ENERGY SERVICES, INC.",WHQ,"$1,378.20"
"ALLIANCE RESOURCE PARTNERS, L.P.",ARLP,"$1,377.90"
"RF MICRO DEVICES, INC.",RFMD,"$1,377.70"
"TETRA TECHNOLOGIES, INC.",TTI,"$1,376.90"
HAEMONETICS CORPORATION,HAE,"$1,376.70"
"GARDNER DENVER, INC.",GDI,"$1,373.60"
INTRAWEST CORPORATION,IDR,"$1,371.00"
CITIGROUP CAP VIII,C^Z,"$1,370.50"
"SYCAMORE NETWORKS, INC.",SCMR,"$1,370.10"
ROTO-ROOTER INC,CHE,"$1,369.00"
"NUANCE COMMUNICATIONS, INC.",NUAN,"$1,368.10"
"NU SKIN ENTERPRISES, INC.",NUS,"$1,367.90"
"WOLVERINE WORLD WIDE, INC.",WWW,"$1,367.70"
"DELPHI FINANCIAL GROUP, INC.",DFG,"$1,366.30"
AQUILA INC,ILA,"$1,362.90"
"LEE ENTERPRISES, INCORPORATED",LEE,"$1,362.90"
ALFA CORPORATION,ALFA,"$1,361.70"
STATS CHIPPAC LTD.,STTS,"$1,361.00"
REMINGTON OIL AND GAS CORPORATION,REM,"$1,360.20"
DELUXE CORPORATION,DLX,"$1,357.70"
LIFE TIME FITNESS,LTM,"$1,354.40"
"PINNACLE ENTERTAINMENT, INC.",PNK,"$1,353.80"
"COMSTOCK RESOURCES, INC.",CRK,"$1,352.00"
"P.F.CHANG'S CHINA BISTRO, INC.",PFCB,"$1,352.00"
TECHNICAL OLYMPIC USA INC,TOA,"$1,351.50"
SHIP FINANCE INTERNATIONAL,SFL,"$1,349.20"
"REALNETWORKS, INC.",RNWK,"$1,347.50"
STONE ENERGY CORPORATION,SGY,"$1,346.90"
LAZARD LTD.,LAZ,"$1,344.80"
"IDACORP, INC.",IDA,"$1,339.90"
"UNITED NATURAL FOODS, INC.",UNFI,"$1,339.60"
DICK'S SPORTING GOODS INC,DKS,"$1,338.40"
"IMMUCOR, INC.",BLUD,"$1,335.10"
"FRESH DEL MONTE PRODUCE, INC.",FDP,"$1,333.60"
BEVERLY ENTERPRISES. INC.,BEV,"$1,332.50"
TUPPERWARE CORPORATION,TUP,"$1,332.40"
"ALLETE, INC.",ALE,"$1,332.20"
EAGLE MATERIALS INC,EXP/B,"$1,331.00"
CHITTENDEN CORPORATION,CHZ,"$1,328.50"
"VALASSIS COMMUNICATIONS, INC.",VCI,"$1,327.60"
WELLS FARGO CAP IX,WSF,"$1,325.00"
HANCOCK HOLDING COMPANY,HBHC,"$1,324.60"
"WESTWOOD ONE, INC.",WON,"$1,324.30"
"OMNIVISION TECHNOLOGIES, INC.",OVTI,"$1,324.00"
USEC INC.,USU,"$1,322.60"
HERCULES INCORPORATED,HPC,"$1,320.40"
STILLWATER MINING COMPANY,SWC,"$1,318.20"
BRASIL TELECOM PARTICIPACOES S.A.,BTM,"$1,316.50"
"FERRELLGAS PARTNERS, L.P.",FGP,"$1,311.00"
LONGS DRUG STORES CORPORATION,LDG,"$1,310.80"
"RESOURCES CONNECTION, INC.",RECN,"$1,309.90"
GREATER BAY BANCORP,GBBK,"$1,309.10"
ISHARES SMALL CAP 600/BARRA GROWTH INDEX FUND,IJT,"$1,302.30"
"MULTI-FINELINE ELECTRONIX, INC.",MFLX,"$1,301.90"
COHEN & STEERS REIT AND PREFERRED INCOME FUND INC,RNP,"$1,301.80"
QUILMES INDUSTRIAL (QUINSA) S.A.,LQU,"$1,299.70"
"HEALTHEXTRAS, INC.",HLEX,"$1,298.90"
"ALERIS INTERNATIONAL, INC.",ARS,"$1,295.70"
ACCO BRANDS CORPORATION,ABD,"$1,295.20"
COEUR D'ALENE MINES CORPORATION,CDE,"$1,294.30"
INFORMATICA CORPORATION,INFA,"$1,294.20"
BOARDWALK PIPELINE PARTNERS,BWP,"$1,292.80"
"MGI PHARMA, INC.",MOGN,"$1,291.40"
CURTISS-WRIGHT CORPORATION,CW,"$1,290.10"
BAXTER INTERNATIONAL INC.,BAX^,"$1,289.00"
ANDRX GROUP,ADRX,"$1,288.20"
GENERAL MARITIME CORPORATION,GMR,"$1,287.70"
SENIOR HOUSING PROPERTIES TRUST,SNH,"$1,287.60"
PROVIDENT FINANCIAL SERVICES,PFS,"$1,283.40"
WATSON WYATT & COMPANY HOLDINGS,WW,"$1,282.70"
ISHARES TRUST FTSE-XINHUA CHINA 25 INDEX FUND,FXI,"$1,282.60"
SCHERING PLOUGH CORP,SGP^M,"$1,282.00"
THORATEC CORPORATION,THOR,"$1,281.00"
"CASEY'S GENERAL STORES, INC.",CASY,"$1,280.80"
SCOTTISH RE GROUP LIMITED,SCT,"$1,279.70"
"EQUINIX, INC.",EQIX,"$1,279.50"
"NET 1 UEPS TECHNOLOGIES, INC.",UEPS,"$1,277.10"
"ALEXANDER'S, INC.",ALX,"$1,277.00"
CORUS ENTERTAINMT INCORPORATED,CJR,"$1,276.50"
WINTRUST FINANCIAL CORPORATION,WTFC,"$1,276.40"
"EMCOR GROUP, INC.",EME,"$1,275.60"
"GREAT ATLANTIC & PACIFIC TEA COMPANY, INC. (THE)",GAP,"$1,275.40"
QUINENCO SA,LQ,"$1,274.10"
LIBERTY ALL-STAR EQUITY FUND,USA,"$1,273.50"
"ORIENT-EXPRESS HOTELS, LTD.",OEH,"$1,271.50"
"STRAYER EDUCATION, INC.",STRA,"$1,271.30"
ATMI INC.,ATMI,"$1,270.40"
EMPRESAS ICA SOC CONTRLADORA,ICA,"$1,270.00"
ANSELL LIMITED,ANSL,"$1,267.00"
CORPBANCA,BCA,"$1,266.20"
"IDENIX PHARMACEUTICALS, INC.",IDIX,"$1,265.70"
"PETCO ANIMAL SUPPLIES, INC.",PETC,"$1,264.80"
"SRA INTERNATIONAL, INC",SRX,"$1,264.80"
NUVEEN PREFERRED AND CONVERTIBLE INCOME FUND,JPC,"$1,264.60"
AK STEEL HOLDING CORPORATION,AKS,"$1,263.90"
"BIO-RAD LABORATORIES, INC.",BIO,"$1,260.80"
"GLOBAL CASH ACCESS HOLDINGS, INC.",GCA,"$1,260.80"
OMI CORPORATION,OMM,"$1,260.80"
EMBRATEL PARTICIPACOES SA,EMT,"$1,257.40"
CVB FINANCIAL CORPORATION,CVBF,"$1,257.00"
ESCO TECHNOLOGIES INC.,ESE,"$1,256.80"
"BROOKS AUTOMATION, INC.",BRKS,"$1,256.70"
"AMERISTAR CASINOS, INC.",ASCA,"$1,256.10"
"BROCADE COMMUNICATIONS SYSTEMS, INC.",BRCD,"$1,255.90"
HANAROTELECOM INCORPORATED,HANA,"$1,255.70"
UMPQUA HOLDINGS CORPORATION,UMPQ,"$1,254.30"
"BUCYRUS INTERNATIONAL, INC.",BUCY,"$1,254.20"
STRATEGIC HOTEL CAPITAL INC,SLH,"$1,253.90"
"LINENS 'N THINGS, INC.",LIN,"$1,253.10"
KRONOS INCORPORATED,KRON,"$1,252.10"
NEWJERSEY RESOURCES CORPORATION,NJR,"$1,252.10"
BIOMED REALTY TRUST,BMR,"$1,251.20"
PERDIGAO S.A.,PDA,"$1,251.10"
"APPLIED INDUSTRIAL TECHNOLOGIES, INC.",AIT,"$1,251.00"
"OWENS & MINOR, INC.",OMI,"$1,249.00"
"UNDER ARMOUR, INC.",UARM,"$1,246.60"
PLEXUS CORP.,PLXS,"$1,246.40"
LASALLE HOTEL PROPERTIES,LHO,"$1,246.10"
ATP OIL & GAS CORPORATION,ATPG,"$1,244.80"
"COMMERCIAL NET LEASE REALTY, INC.",NNN,"$1,243.00"
"TEXAS INDUSTRIES, INC.",TXI,"$1,241.70"
"LABOR READY, INC.",LRW,"$1,241.10"
RYDEX ETF TRUST,RSP,"$1,240.60"
SPANSION INC.,SPSN,"$1,240.50"
TELE CENTRO OEST CELULAR PARTICIPACOES S.A.,TRO,"$1,239.70"
ARRIS GROUP INC,ARRS,"$1,238.70"
MERRILL LYNCH SEMICONDUCTOR HOLDRS,SMH,"$1,237.40"
"NUVEEN INSURED MUNICIPAL OPPORTUNITY FUND, INC.",NIO,"$1,236.50"
SINA CORPORATION,SINA,"$1,236.40"
DIGITAL INSIGHT CORPORATION,DGIN,"$1,235.60"
"HEARST-ARGYLE TELEVISION, INC.",HTV,"$1,232.70"
"ARVINMERITOR, INC.",ARM,"$1,229.70"
"CEC ENTERTAINMENT, INC.",CEC,"$1,229.00"
"TRANSACTION SYSTEMS ARCHITECTS , INC.",TSAI,"$1,229.00"
BANTA CORPORATION,BN,"$1,225.80"
MASISA SA ADS,MYS,"$1,225.60"
ARBITRON INC.,ARB,"$1,225.40"
ISHARES DOW JONES U.S. HEALTH CARE INDEX FUND,IYH,"$1,224.60"
"FURNITURE BRANDS INTERNATIONAL, INC.",FBN,"$1,223.60"
"PANTRY, INC. (THE)",PTRY,"$1,223.40"
WCI COMMUNITIES INC,WCI,"$1,221.70"
RANDGOLD RESOURCES LIMITED,GOLD,"$1,221.20"
DOMTAR INCORPORATED,DTC,"$1,219.50"
FORWARD AIR CORPORATION,FWRD,"$1,219.10"
U-STORE-IT TRUST,YSI,"$1,218.90"
ABN AMRO CAP FDG TR V,ABN^E,"$1,218.00"
"CHILDREN'S PLACE RETAIL STORES, INC. (THE)",PLCE,"$1,217.70"
"COMMSCOPE, INC.",CTV,"$1,216.30"
PENN VIRGINIA CORPORATION,PVA,"$1,216.20"
"THERAVANCE, INC.",THRX,"$1,215.40"
UNIVERSAL CORPORATION,UVV,"$1,215.00"
MERRILL LYNCH & CO INC,MER^H,"$1,213.00"
NUVEEN EQUITY PREMIUM OPPORTUNITY FUND,JSN,"$1,212.50"
PUTNAM PREMIER INCOME TRUST,PPT,"$1,211.90"
NEW RIVER PHARMACEUTICALS INC.,NRPH,"$1,211.40"
AMERICAN GREETINGS CORPORATION,AM,"$1,211.10"
"DRIL-QUIP, INC.",DRQ,"$1,210.10"
AMERICAN REPORGRAPHICS COMPANY,ARP,"$1,209.80"
"APRIA HEALTHCARE GROUP, INC.",AHG,"$1,207.90"
PROVIDENT BANKSHARES CORPORATION,PBKS,"$1,207.80"
VISTAPRINT LIMITED,VPRT,"$1,207.70"
"BOIS D'ARC ENERGY, INC.",BDE,"$1,207.40"
ISHARES S&P EUROPE 350 INDEX FUND,IEV,"$1,207.00"
SCHOLASTIC CORPORATION,SCHL,"$1,206.50"
"CCE SPINCO, INC.",LYV,"$1,199.30"
ZALE CORPORATION,ZLC,"$1,197.60"
CITIZENS BANKING CORPORATION,CBCF,"$1,197.50"
MATTHEWS INTERNATIONAL CORPORATION,MATW,"$1,197.10"
"MAGELLAN HEALTH SERVICES, INC.",MGLN,"$1,196.20"
FELCOR LODGING TRUST INCORPORATED,FCH,"$1,195.20"
"FORMFACTOR, INC.",FORM,"$1,194.90"
NEWCASTLE INVESTMENT CORPORATION,NCT,"$1,194.40"
"GABELLI EQUITY TRUST, INC. (THE)",GAB,"$1,193.10"
SANTANDER BANCORP,SBP,"$1,192.10"
MIDWAY GAMES INC.,MWY,"$1,191.70"
"VARIAN, INC.",VARI,"$1,191.10"
"CHINA MEDICAL TECHNOLOGIES, INC.",CMED,"$1,190.40"
ALABAMA NATIONAL BANCORPORATION,ALAB,"$1,189.70"
"SSA GLOBAL TECHNOLOGIES, INC.",SSAG,"$1,189.40"
COMPANHIA PARANAENSE DE ENERGIA (COPEL),ELP,"$1,188.60"
"KINGSWAY FINANCIAL SERVICES, INC.",KFS,"$1,187.80"
ELDORADO GOLD CORP,EGO,"$1,186.40"
"ITRON, INC.",ITRI,"$1,186.40"
"DIGITAL RIVER, INC.",DRIV,"$1,182.30"
DELTA PETROLEUM CORPORATION,DPTR,"$1,181.10"
J2 GLOBAL COMMUNICATIONS INC,JCOM,"$1,181.00"
"MKS INSTRUMENTS, INC.",MKSI,"$1,180.00"
BLACK HILLS CORPORATION,BKH,"$1,179.30"
"AVIALL, INC.",AVL,"$1,177.80"
"REVLON, INC.",REV,"$1,177.80"
PETROHAWK ENERGY CORPORATION,HAWK,"$1,176.60"
BELDEN CDT INC,BDC,"$1,174.40"
DORAL FINANCIAL CORPORATION,DRL,"$1,173.20"
SHANDA INTERACTIVE ENTERTAINMENT LIMITED,SNDA,"$1,172.20"
"ADVANCE AMERICA, CASH ADVANCE CENTERS, INC.",AEA,"$1,172.00"
PARKER DRILLING COMPANY,PKD,"$1,172.00"
"DIGITAS, INC.",DTAS,"$1,171.30"
PSS WORLD MEDICAL INC.,PSSI,"$1,170.80"
FILENET CORPORATION,FILE,"$1,169.00"
ISHARES LEHMAN 7-10 YEAR TREASURY BOND FUND,IEF,"$1,168.40"
"QUALITY SYSTEMS, INC.",QSII,"$1,168.40"
CALLAWAY GOLF COMPANY,ELY,"$1,168.20"
"SONUS NETWORKS, INC.",SONS,"$1,167.10"
VERINT SYSTEMS INC.,VRNT,"$1,166.80"
GEORGIA GULF CORPORATION,GGC,"$1,166.70"
"KNIGHT CAPITAL GROUP, INC.",NITE,"$1,166.50"
BBVA BANCO FRANCES S.A.,BFR,"$1,165.80"
Housing Development Finance Corporation Limited,HDFC